ThreadId	ThreadCount	Key	ResultCount	Time
0	3	2349	0	137137200
0	3	12	1001061	28083421700
0	3	18	6532	99551000
0	3	65	0	7911500
0	3	45	0	6523900
0	3	12	1001061	25941336400
0	3	12	1001061	23067481100
0	3	4718	0	8744200
0	3	733	0	8792900
0	3	616	51	6575300
0	3	1502	46	5384400
0	3	1148	6819	100908800
0	3	83	0	9263700
0	3	10425	72	8067800
0	3	3332	0	8407500
0	3	29	0	9194100
0	3	121	0	9031300
0	3	31	2493	49633900
0	3	28	0	9202900
0	3	288	3202	72610300
0	3	293	3574	56506000
0	3	12	1001061	26820044600
0	3	106	1	3882800
0	3	5319	0	5634300
0	3	4438	0	2002008700
0	3	1597	0	13219800
0	3	1072	0	13387200
0	3	5420	0	6636000
0	3	32	1	4330700
0	3	19	0	5160600
0	3	856	0	5682900
0	3	547	0	6344900
0	3	54	0	6683000
0	3	241	15	5040500
0	3	845	44	4630400
0	3	16	218	6318300
0	3	137	0	4899600
0	3	12	1001061	25533820200
0	3	37	0	6087700
0	3	152	13	105995500
0	3	74	0	8985100
0	3	7449	3	7488700
0	3	153	0	6418000
0	3	68	0	7251500
0	3	167	0	7137300
0	3	3717	0	7752900
0	3	9315	982	20514800
0	3	101	0	5567400
0	3	27	0	6358600
0	3	305	0	6562400
0	3	4701	18	4900200
0	3	506	1746	29411600
0	3	300	34	3119800
0	3	20	1213787	26080943300
0	3	2324	0	6096100
0	3	220	158	9526400
0	3	4921	0	5071200
0	3	3943	11	4055601
0	3	8651	0	7539600
0	3	13	1031830	23306839000
0	3	2923	1276	412519099
0	3	13	1031830	30450218500
0	3	2607	0	6015900
0	3	25	0	7161199
0	3	18	6532	103703001
0	3	128	0	5147200
0	3	17	6948	113525701
0	3	7094	52	4648700
0	3	4721	0	5868599
0	3	2205	205	9365100
0	3	63	0	4727600
0	3	514	193	8393900
0	3	2771	1	2457700
0	3	3960	0	4819500
0	3	125	0	6789701
0	3	192	0	9953600
0	3	16	218	11286901
0	3	165	0	5483799
0	3	2897	0	10840800
0	3	113	0	9432301
0	3	6736	0	6457399
0	3	13	1031830	22964751501
0	3	284	0	146321700
0	3	185	0	196607800
0	3	3576	0	6651200
0	3	22	3791	60022300
0	3	63	0	5823100
0	3	385	102	6666300
0	3	66	6049	86794400
0	3	438	0	5347700
0	3	23	2627	46632000
0	3	20	1213787	35151716300
0	3	365	376	11397700
0	3	816	14	3151900
0	3	199	0	5188000
0	3	933	6	40151700
0	3	168	0	5525400
0	3	64	2890	54592400
0	3	26	0	5716000
0	3	1696	133	6325800
0	3	8628	0	4977500
0	3	37	0	6288300
0	3	90	0	5902100
0	3	4709	0	5918100
0	3	2145	301	9617900
0	3	516	0	4670000
0	3	204	38	4309200
0	3	278	236	6263100
0	3	55	0	4923200
0	3	165	0	5810000
0	3	16	218	9559900
0	3	8836	0	5342700
0	3	114	0	6221700
0	3	339	13	4623600
0	3	7023	0	4611000
0	3	242	644	17161600
0	3	4953	0	5183500
0	3	1303	0	6369200
0	3	42	0	5434800
0	3	738	18	4098900
0	3	625	87	3977400
0	3	4891	0	4625200
0	3	10222	61	6293900
0	3	118	0	4428900
0	3	158	0	6314200
0	3	5550	376	11720800
0	3	2254	0	4304400
0	3	4218	533	20846700
0	3	960	174	9434800
0	3	1000	318	8722700
0	3	13	1031830	24325505700
0	3	866	1593	26523100
0	3	13	1031830	25761195600
0	3	619	0	6228000
0	3	4416	0	6048500
0	3	2904	0	6050800
0	3	88	0	6823200
0	3	59	1238	22260700
0	3	38	38	3205300
0	3	15	14342	268300500
0	3	574	56	4303200
0	3	154	0	4745800
0	3	15	14342	206688600
0	3	254	55	4784300
0	3	1480	0	5504900
0	3	19	0	8275500
0	3	4545	1	6114800
0	3	1842	0	8098900
0	3	1207	0	7063000
0	3	8154	0	8467300
0	3	891	0	5810700
0	3	44	0	6093800
0	3	13	1031830	23601956200
0	3	200	48	5222900
0	3	7289	0	5604900
0	3	5833	0	7102800
0	3	2643	0	7389300
0	3	58	2475	43777800
0	3	241	15	2971300
0	3	17	6948	104661300
0	3	31	2493	65765500
0	3	28	0	8871300
0	3	116	0	6679000
0	3	5011	0	8786900
0	3	12	1001061	28462415700
0	3	178	0	9272600
0	3	1582	6	43332200
0	3	4086	30	3322700
0	3	1011	0	7697300
0	3	1260	0	10093200
0	3	5523	1192	42350900
0	3	2621	0	23087300
0	3	75	0	7134900
0	3	507	116	8261300
0	3	6635	8	2670000
0	3	143	0	6807800
0	3	799	17	6141400
0	3	51	0	6277900
0	3	3314	0	5769400
0	3	87	7497	445428500
0	3	2128	0	8996600
0	3	9880	0	13043800
0	3	208	73	11814300
0	3	122	0	8179700
0	3	1036	12	6422700
0	3	912	17	3654300
0	3	5278	551	13490800
0	3	23	2627	45145500
0	3	157	0	9156100
0	3	12	1001061	27567135000
0	3	66	6049	83724700
0	3	1568	354	10195600
0	3	4726	616	12954400
0	3	27	0	5235200
0	3	7296	0	10656300
0	3	1224	0	6577900
0	3	4681	62	7676100
0	3	240	1258	24506700
0	3	3967	0	5676900
0	3	1758	0	6584200
0	3	139	0	10437800
0	3	7314	1	4904300
0	3	843	0	4443500
0	3	7937	0	6932600
0	3	683	245	13434600
0	3	679	21	3633600
0	3	84	0	5445100
0	3	3156	0	6404700
0	3	21	9027	437762300
0	3	1967	0	5756600
0	3	1067	0	6042300
0	3	3242	1	4055900
0	3	1749	0	4629100
0	3	3981	1249	26122800
0	3	805	19	3472400
0	3	83	0	4524400
0	3	27	0	6221300
0	3	102	8	4448600
0	3	1756	0	4419100
0	3	2789	0	5633600
0	3	7256	285	9005200
0	3	290	0	4549500
0	3	96	1	4363200
0	3	5607	9	3065200
0	3	30	0	4938900
0	3	8454	0	6551900
0	3	24	41	5939100
0	3	3331	45	3937000
0	3	358	36	3815000
0	3	1193	0	4452100
0	3	9711	0	6458500
0	3	8184	0	6924600
0	3	9778	0	6856900
0	3	48	0	6092300
0	3	360	0	5751800
0	3	863	17	4147000
0	3	9361	125	4791300
0	3	12	1001061	22562771000
0	3	12	1001061	13882912700
0	3	2265	0	6477100
0	3	79	0	9536800
0	3	6818	0	10258900
0	3	1168	637	16170700
0	3	5053	2	3971200
0	3	280	2	3225600
0	3	2523	0	5174500
0	3	2027	0	24895000
0	3	3627	13	5779100
0	3	24	41	4227800
0	3	63	0	5311100
1	3	2349	0	134327600
1	3	12	1001061	23390404500
1	3	18	6532	171603400
1	3	65	0	7742400
1	3	45	0	41829700
1	3	12	1001061	21559952800
1	3	12	1001061	22042035700
1	3	4718	0	6768200
1	3	733	0	46228100
1	3	616	51	6503200
1	3	1502	46	4489700
1	3	1148	6819	92462500
1	3	83	0	5857800
1	3	10425	72	7988800
1	3	3332	0	6841400
1	3	29	0	8492300
1	3	121	0	165914500
1	3	31	2493	40862000
1	3	28	0	8610500
1	3	288	3202	53058100
1	3	293	3574	76904200
1	3	12	1001061	26687290800
1	3	106	1	5062100
1	3	5319	0	8386000
1	3	4438	0	7376200
1	3	1597	0	6666500
1	3	1072	0	7672500
1	3	5420	0	7166300
1	3	32	1	5288100
1	3	19	0	5235400
1	3	856	0	7168000
1	3	547	0	8565700
1	3	54	0	141926100
1	3	241	15	4310000
1	3	845	44	3580300
1	3	16	218	6454300
1	3	137	0	5593500
1	3	12	1001061	24745319500
1	3	37	0	10451800
1	3	152	13	122357200
1	3	74	0	5856500
1	3	7449	3	4121700
1	3	153	0	10696700
1	3	68	0	12702300
1	3	167	0	9963600
1	3	3717	0	10616400
1	3	9315	982	27878400
1	3	101	0	8501700
1	3	27	0	10235100
1	3	305	0	6282500
1	3	4701	18	5710100
1	3	506	1746	36928900
1	3	300	34	3828000
1	3	20	1213787	28544566600
1	3	2324	0	6294200
1	3	220	158	7077300
1	3	4921	0	7268400
1	3	3943	11	5609500
1	3	8651	0	7374800
1	3	13	1031830	22581381100
1	3	2923	1276	23991199
1	3	13	1031830	21491235900
1	3	2607	0	6384199
1	3	25	0	40884800
1	3	18	6532	101440100
1	3	128	0	9044001
1	3	17	6948	104077100
1	3	7094	52	4191300
1	3	4721	0	6013701
1	3	2205	205	9211699
1	3	63	0	5105501
1	3	514	193	8091799
1	3	2771	1	3219800
1	3	3960	0	4983200
1	3	125	0	5874200
1	3	192	0	5943301
1	3	16	218	8126000
1	3	165	0	6772601
1	3	2897	0	6652700
1	3	113	0	6502599
1	3	6736	0	6494300
1	3	13	1031830	21627289201
1	3	284	0	6947000
1	3	185	0	7319500
1	3	3576	0	186205400
1	3	22	3791	63756300
1	3	63	0	6348901
1	3	385	102	7518000
1	3	66	6049	93299100
1	3	438	0	6010200
1	3	23	2627	52029400
1	3	20	1213787	29900589101
1	3	365	376	14060400
1	3	816	14	3114800
1	3	199	0	5256500
1	3	933	6	4224700
1	3	168	0	5003600
1	3	64	2890	69941300
1	3	26	0	7469500
1	3	1696	133	8813500
1	3	8628	0	4696700
1	3	37	0	6835900
1	3	90	0	6046200
1	3	4709	0	9081100
1	3	2145	301	10099700
1	3	516	0	5012900
1	3	204	38	4811000
1	3	278	236	6857700
1	3	55	0	4643700
1	3	165	0	6431000
1	3	16	218	8829700
1	3	8836	0	4581600
1	3	114	0	7365500
1	3	339	13	4067900
1	3	7023	0	5096500
1	3	242	644	14183000
1	3	4953	0	5309400
1	3	1303	0	5916200
1	3	42	0	6099000
1	3	738	18	5895100
1	3	625	87	4168700
1	3	4891	0	5326900
1	3	10222	61	5483200
1	3	118	0	5098500
1	3	158	0	5917500
1	3	5550	376	11093200
1	3	2254	0	5103000
1	3	4218	533	13038500
1	3	960	174	5852000
1	3	1000	318	7825400
1	3	13	1031830	25732641700
1	3	866	1593	26197400
1	3	13	1031830	22064085300
1	3	619	0	56581500
1	3	4416	0	9902600
1	3	2904	0	8704600
1	3	88	0	10582000
1	3	59	1238	30416200
1	3	38	38	5066500
1	3	15	14342	204825500
1	3	574	56	7493800
1	3	154	0	7947700
1	3	15	14342	248377400
1	3	254	55	4169400
1	3	1480	0	4906200
1	3	19	0	6638800
1	3	4545	1	5122000
1	3	1842	0	8508700
1	3	1207	0	7270100
1	3	8154	0	6675300
1	3	891	0	5641000
1	3	44	0	9570100
1	3	13	1031830	24435210700
1	3	200	48	6329500
1	3	7289	0	7553100
1	3	5833	0	14285800
1	3	2643	0	9649700
1	3	58	2475	42876900
1	3	241	15	3826500
1	3	17	6948	103650300
1	3	31	2493	53039500
1	3	28	0	8866200
1	3	116	0	9804500
1	3	5011	0	21007800
1	3	12	1001061	24559049000
1	3	178	0	6388300
1	3	1582	6	42966500
1	3	4086	30	3275900
1	3	1011	0	5522600
1	3	1260	0	6026300
1	3	5523	1192	25424600
1	3	2621	0	5359100
1	3	75	0	7159200
1	3	507	116	6942800
1	3	6635	8	2832600
1	3	143	0	4607600
1	3	799	17	4516200
1	3	51	0	4876100
1	3	3314	0	7326100
1	3	87	7497	116173600
1	3	2128	0	6071700
1	3	9880	0	6333000
1	3	208	73	5992800
1	3	122	0	5314500
1	3	1036	12	5316600
1	3	912	17	3194900
1	3	5278	551	11634700
1	3	23	2627	41761000
1	3	157	0	5751500
1	3	12	1001061	24592402300
1	3	66	6049	86548400
1	3	1568	354	11482200
1	3	4726	616	14311300
1	3	27	0	5406500
1	3	7296	0	7303300
1	3	1224	0	9167600
1	3	4681	62	5163300
1	3	240	1258	22885800
1	3	3967	0	5267200
1	3	1758	0	8060000
1	3	139	0	5863400
1	3	7314	1	3783900
1	3	843	0	4635200
1	3	7937	0	5274000
1	3	683	245	10208400
1	3	679	21	2823700
1	3	84	0	4531100
1	3	3156	0	9398300
1	3	21	9027	148270600
1	3	1967	0	6106100
1	3	1067	0	7279200
1	3	3242	1	5096900
1	3	1749	0	4779000
1	3	3981	1249	22765800
1	3	805	19	2883100
1	3	83	0	4489100
1	3	27	0	10429300
1	3	102	8	6570100
1	3	1756	0	4472700
1	3	2789	0	6448900
1	3	7256	285	9048600
1	3	290	0	5265300
1	3	96	1	4227200
1	3	5607	9	3223500
1	3	30	0	4791700
1	3	8454	0	6271100
1	3	24	41	5854700
1	3	3331	45	3525500
1	3	358	36	3534200
1	3	1193	0	4190600
1	3	9711	0	6023000
1	3	8184	0	8925500
1	3	9778	0	5880800
1	3	48	0	6298100
1	3	360	0	7282200
1	3	863	17	4688000
1	3	9361	125	5579300
1	3	12	1001061	23965103000
1	3	12	1001061	26361306500
1	3	2265	0	11477900
1	3	79	0	11542000
1	3	6818	0	13218800
1	3	1168	637	22135700
1	3	5053	2	4551200
1	3	280	2	4947400
1	3	2523	0	7980700
1	3	2027	0	7466000
1	3	3627	13	4935900
1	3	24	41	4331800
1	3	63	0	5132500
2	3	2349	0	135819400
2	3	12	1001061	24749685400
2	3	18	6532	98972500
2	3	65	0	13541300
2	3	45	0	8838000
2	3	12	1001061	24595261600
2	3	12	1001061	21534557000
2	3	4718	0	6175000
2	3	733	0	10744500
2	3	616	51	7906200
2	3	1502	46	6286200
2	3	1148	6819	419589200
2	3	83	0	189607500
2	3	10425	72	9561500
2	3	3332	0	8528700
2	3	29	0	6360700
2	3	121	0	10535700
2	3	31	2493	289368000
2	3	28	0	6963500
2	3	288	3202	72916000
2	3	293	3574	54865900
2	3	12	1001061	23133429300
2	3	106	1	3488000
2	3	5319	0	9412700
2	3	4438	0	11507300
2	3	1597	0	9077200
2	3	1072	0	15939900
2	3	5420	0	11510400
2	3	32	1	5352700
2	3	19	0	5480400
2	3	856	0	20862100
2	3	547	0	7691600
2	3	54	0	7400000
2	3	241	15	5011400
2	3	845	44	4012700
2	3	16	218	7237100
2	3	137	0	4974700
2	3	12	1001061	18645869300
2	3	37	0	9711600
2	3	152	13	121391200
2	3	74	0	5797000
2	3	7449	3	4655300
2	3	153	0	5619400
2	3	68	0	9856600
2	3	167	0	9612800
2	3	3717	0	12103800
2	3	9315	982	24839500
2	3	101	0	9059300
2	3	27	0	7301500
2	3	305	0	133932400
2	3	4701	18	5156800
2	3	506	1746	34006200
2	3	300	34	4228800
2	3	20	1213787	25937006300
2	3	2324	0	9517200
2	3	220	158	48632200
2	3	4921	0	5980700
2	3	3943	11	4824200
2	3	8651	0	5241000
2	3	13	1031830	28186559500
2	3	2923	1276	31197300
2	3	13	1031830	25194230600
2	3	2607	0	305028699
2	3	25	0	8210900
2	3	18	6532	136296599
2	3	128	0	5572401
2	3	17	6948	120107701
2	3	7094	52	4151699
2	3	4721	0	5522801
2	3	2205	205	9182100
2	3	63	0	7080800
2	3	514	193	10896901
2	3	2771	1	3887599
2	3	3960	0	8844499
2	3	125	0	9661501
2	3	192	0	10595701
2	3	16	218	10645399
2	3	165	0	5085900
2	3	2897	0	6628400
2	3	113	0	7138100
2	3	6736	0	9151099
2	3	13	1031830	22430002199
2	3	284	0	6309400
2	3	185	0	6804800
2	3	3576	0	6431500
2	3	22	3791	81333300
2	3	63	0	5513800
2	3	385	102	6737300
2	3	66	6049	99162900
2	3	438	0	5528599
2	3	23	2627	47633601
2	3	20	1213787	25507678501
2	3	365	376	10507300
2	3	816	14	3178900
2	3	199	0	6009600
2	3	933	6	6208900
2	3	168	0	8313800
2	3	64	2890	59896400
2	3	26	0	5656900
2	3	1696	133	15767400
2	3	8628	0	12834300
2	3	37	0	9429500
2	3	90	0	14050900
2	3	4709	0	9123200
2	3	2145	301	13300400
2	3	516	0	5180400
2	3	204	38	5471800
2	3	278	236	6697400
2	3	55	0	4749400
2	3	165	0	5979400
2	3	16	218	11102900
2	3	8836	0	4892800
2	3	114	0	7094100
2	3	339	13	3967600
2	3	7023	0	4939300
2	3	242	644	12730400
2	3	4953	0	4473500
2	3	1303	0	6849300
2	3	42	0	6066100
2	3	738	18	4226200
2	3	625	87	3863800
2	3	4891	0	4514000
2	3	10222	61	450962500
2	3	118	0	8306900
2	3	158	0	6939900
2	3	5550	376	13467900
2	3	2254	0	5483500
2	3	4218	533	14736000
2	3	960	174	5685400
2	3	1000	318	9650600
2	3	13	1031830	22502672500
2	3	866	1593	29965300
2	3	13	1031830	23915690100
2	3	619	0	87183800
2	3	4416	0	12365300
2	3	2904	0	9884000
2	3	88	0	8620800
2	3	59	1238	34125000
2	3	38	38	4224300
2	3	15	14342	206190600
2	3	574	56	5113200
2	3	154	0	5214500
2	3	15	14342	205731900
2	3	254	55	4404200
2	3	1480	0	4840200
2	3	19	0	9301900
2	3	4545	1	6339900
2	3	1842	0	5005300
2	3	1207	0	10204900
2	3	8154	0	6053300
2	3	891	0	8593500
2	3	44	0	7760800
2	3	13	1031830	20635516300
2	3	200	48	4402400
2	3	7289	0	5695100
2	3	5833	0	42795500
2	3	2643	0	127904900
2	3	58	2475	61972200
2	3	241	15	5297000
2	3	17	6948	114372900
2	3	31	2493	56497900
2	3	28	0	5869300
2	3	116	0	7113300
2	3	5011	0	7453100
2	3	12	1001061	23550462600
2	3	178	0	9551900
2	3	1582	6	4952700
2	3	4086	30	2885000
2	3	1011	0	7711000
2	3	1260	0	6085100
2	3	5523	1192	20644500
2	3	2621	0	5189500
2	3	75	0	6250400
2	3	507	116	5900500
2	3	6635	8	2799200
2	3	143	0	4767900
2	3	799	17	5778400
2	3	51	0	5234000
2	3	3314	0	8500200
2	3	87	7497	102944600
2	3	2128	0	6563700
2	3	9880	0	6710300
2	3	208	73	5952000
2	3	122	0	4696800
2	3	1036	12	5664000
2	3	912	17	4829300
2	3	5278	551	18529900
2	3	23	2627	61447200
2	3	157	0	6354700
2	3	12	1001061	25670753500
2	3	66	6049	127430800
2	3	1568	354	10284700
2	3	4726	616	14308000
2	3	27	0	5001100
2	3	7296	0	6463700
2	3	1224	0	5833500
2	3	4681	62	4632300
2	3	240	1258	23499200
2	3	3967	0	4943400
2	3	1758	0	7927100
2	3	139	0	8662200
2	3	7314	1	3863700
2	3	843	0	5283900
2	3	7937	0	6612400
2	3	683	245	11537200
2	3	679	21	3789200
2	3	84	0	5397300
2	3	3156	0	8983800
2	3	21	9027	268624200
2	3	1967	0	9323300
2	3	1067	0	7376800
2	3	3242	1	6607100
2	3	1749	0	5407700
2	3	3981	1249	26875900
2	3	805	19	3194000
2	3	83	0	4945700
2	3	27	0	6490400
2	3	102	8	4781700
2	3	1756	0	5365900
2	3	2789	0	6300400
2	3	7256	285	10158000
2	3	290	0	5125700
2	3	96	1	4654400
2	3	5607	9	2636600
2	3	30	0	4956300
2	3	8454	0	7280500
2	3	24	41	6626300
2	3	3331	45	4301400
2	3	358	36	4396200
2	3	1193	0	5200800
2	3	9711	0	6646800
2	3	8184	0	5909600
2	3	9778	0	5687400
2	3	48	0	5733100
2	3	360	0	7035700
2	3	863	17	4245600
2	3	9361	125	6467200
2	3	12	1001061	27257041600
2	3	12	1001061	27968738900
2	3	2265	0	5980000
2	3	79	0	47023100
2	3	6818	0	6657900
2	3	1168	637	14412100
2	3	5053	2	2975600
2	3	280	2	2647600
2	3	2523	0	4633500
2	3	2027	0	7229400
2	3	3627	13	5030200
2	3	24	41	3327800
2	3	63	0	4416300
0	5	2349	0	15853600
0	5	12	1001061	38167324500
0	5	18	6532	1276904000
0	5	65	0	6263200
0	5	45	0	44767100
0	5	12	1001061	42369279600
0	5	12	1001061	42857573500
0	5	4718	0	9184400
0	5	733	0	52788900
0	5	616	51	10389900
0	5	1502	46	8893700
0	5	1148	6819	117347600
0	5	83	0	5087300
0	5	10425	72	8530500
0	5	3332	0	7554200
0	5	29	0	16108200
0	5	121	0	6576700
0	5	31	2493	39692200
0	5	28	0	5995400
0	5	288	3202	52361700
0	5	293	3574	54455600
0	5	12	1001061	32906001700
0	5	106	1	6215900
0	5	5319	0	7550200
0	5	4438	0	50199400
0	5	1597	0	9445600
0	5	1072	0	9190800
0	5	5420	0	8408600
0	5	32	1	4931300
0	5	19	0	6704600
0	5	856	0	9438100
0	5	547	0	9078400
0	5	54	0	8214500
0	5	241	15	4376500
0	5	845	44	3291800
0	5	16	218	6500800
0	5	137	0	4789700
0	5	12	1001061	38587243600
0	5	37	0	6076800
0	5	152	13	41498200
0	5	74	0	5956900
0	5	7449	3	4125600
0	5	153	0	4943500
0	5	68	0	5986500
0	5	167	0	6296900
0	5	3717	0	5660600
0	5	9315	982	17943200
0	5	101	0	4390000
0	5	27	0	5775100
0	5	305	0	6033400
0	5	4701	18	4417700
0	5	506	1746	25632300
0	5	300	34	2777900
0	5	20	1213787	51017739100
0	5	2324	0	9668200
0	5	220	158	198050700
0	5	4921	0	4706400
0	5	3943	11	6386300
0	5	8651	0	4899100
0	5	13	1031830	45568712900
0	5	2923	1276	21945700
0	5	13	1031830	34997788700
0	5	2607	0	6224100
0	5	25	0	46932200
0	5	18	6532	113007900
0	5	128	0	5137800
0	5	17	6948	105327100
0	5	7094	52	3982700
0	5	4721	0	4834700
0	5	2205	205	11226500
0	5	63	0	5068800
0	5	514	193	10257600
0	5	2771	1	4035600
0	5	3960	0	4646200
0	5	125	0	6295100
0	5	192	0	5579000
0	5	16	218	9062400
0	5	165	0	4447700
0	5	2897	0	6429500
0	5	113	0	6426600
0	5	6736	0	5708200
0	5	13	1031830	38409512100
0	5	284	0	9898700
0	5	185	0	44035700
0	5	3576	0	6132200
0	5	22	3791	55167900
0	5	63	0	8676000
0	5	385	102	9110700
0	5	66	6049	107090700
0	5	438	0	4724700
0	5	23	2627	39693900
0	5	20	1213787	53620123400
0	5	365	376	11383900
0	5	816	14	3414200
0	5	199	0	5010900
0	5	933	6	45524800
0	5	168	0	4886000
0	5	64	2890	45554900
0	5	26	0	5102800
0	5	1696	133	6955300
0	5	8628	0	4463100
0	5	37	0	10532400
0	5	90	0	9503000
0	5	4709	0	22300000
0	5	2145	301	18987400
0	5	516	0	12295200
0	5	204	38	7857100
0	5	278	236	6908700
0	5	55	0	5006700
0	5	165	0	12015700
0	5	16	218	12824900
0	5	8836	0	5901500
0	5	114	0	5710700
0	5	339	13	6583000
0	5	7023	0	7953200
0	5	242	644	17770400
0	5	4953	0	4948200
0	5	1303	0	5905600
0	5	42	0	5999800
0	5	738	18	3918000
0	5	625	87	4118000
0	5	4891	0	4449600
0	5	10222	61	5043500
0	5	118	0	4244000
0	5	158	0	10283700
0	5	5550	376	15481100
0	5	2254	0	7941400
0	5	4218	533	14433300
0	5	960	174	7194000
0	5	1000	318	8737100
0	5	13	1031830	41475288600
0	5	866	1593	26384400
0	5	13	1031830	42492544500
0	5	619	0	6504800
0	5	4416	0	45691400
0	5	2904	0	6525900
0	5	88	0	7971400
0	5	59	1238	27542600
0	5	38	38	4140100
0	5	15	14342	205442200
0	5	574	56	4293200
0	5	154	0	5002200
0	5	15	14342	776704500
0	5	254	55	4963200
0	5	1480	0	4589100
0	5	19	0	8946800
0	5	4545	1	4904500
0	5	1842	0	4446200
0	5	1207	0	9419200
0	5	8154	0	6136900
0	5	891	0	6499700
0	5	44	0	5865900
0	5	13	1031830	39197397600
0	5	200	48	4482800
0	5	7289	0	4529500
0	5	5833	0	583519000
0	5	2643	0	8482300
0	5	58	2475	40524200
0	5	241	15	3149700
0	5	17	6948	105816300
0	5	31	2493	36177700
0	5	28	0	5263300
0	5	116	0	5837000
0	5	5011	0	6011100
0	5	12	1001061	39261936100
0	5	178	0	6224200
0	5	1582	6	688417400
0	5	4086	30	6524400
0	5	1011	0	4637100
0	5	1260	0	10316600
0	5	5523	1192	25126000
0	5	2621	0	4486600
0	5	75	0	5921800
0	5	507	116	6779500
0	5	6635	8	2561300
0	5	143	0	4320500
0	5	799	17	4364600
0	5	51	0	4291600
0	5	3314	0	5940000
0	5	87	7497	105249700
0	5	2128	0	6476300
0	5	9880	0	6674200
0	5	208	73	4987500
0	5	122	0	4661100
0	5	1036	12	4286100
0	5	912	17	2753800
0	5	5278	551	10619900
0	5	23	2627	39824600
0	5	157	0	5459200
0	5	12	1001061	37193782700
0	5	66	6049	89739200
0	5	1568	354	8184300
0	5	4726	616	13923600
0	5	27	0	5956100
0	5	7296	0	43846300
0	5	1224	0	9298200
0	5	4681	62	5697500
0	5	240	1258	26132300
0	5	3967	0	5566900
0	5	1758	0	7238300
0	5	139	0	5727500
0	5	7314	1	4341300
0	5	843	0	4989100
0	5	7937	0	5907100
0	5	683	245	10808100
0	5	679	21	2911900
0	5	84	0	4485400
0	5	3156	0	5613000
0	5	21	9027	133285600
0	5	1967	0	6882800
0	5	1067	0	6380300
0	5	3242	1	3969500
0	5	1749	0	4216200
0	5	3981	1249	25053600
0	5	805	19	114705800
0	5	83	0	7037500
0	5	27	0	7756300
0	5	102	8	5115300
0	5	1756	0	4660800
0	5	2789	0	5959400
0	5	7256	285	10255100
0	5	290	0	5019100
0	5	96	1	4470200
0	5	5607	9	2446700
0	5	30	0	4867200
0	5	8454	0	7368200
0	5	24	41	5160300
0	5	3331	45	126285200
0	5	358	36	4087700
0	5	1193	0	4783100
0	5	9711	0	6641400
0	5	8184	0	5770100
0	5	9778	0	8932800
0	5	48	0	10305000
0	5	360	0	9311700
0	5	863	17	6335200
0	5	9361	125	7405300
0	5	12	1001061	40570009800
0	5	12	1001061	36377522500
0	5	2265	0	9652900
0	5	79	0	44987400
0	5	6818	0	5935800
0	5	1168	637	16303000
0	5	5053	2	2316800
0	5	280	2	2710600
0	5	2523	0	4876700
0	5	2027	0	10462600
0	5	3627	13	6518000
0	5	24	41	3588900
0	5	63	0	5098100
1	5	2349	0	83437700
1	5	12	1001061	45900293900
1	5	18	6532	281576600
1	5	65	0	5668400
1	5	45	0	6102400
1	5	12	1001061	39669274800
1	5	12	1001061	45871458700
1	5	4718	0	8750900
1	5	733	0	7601500
1	5	616	51	8638000
1	5	1502	46	6057300
1	5	1148	6819	380536100
1	5	83	0	6357600
1	5	10425	72	7828800
1	5	3332	0	5014600
1	5	29	0	6058100
1	5	121	0	7448700
1	5	31	2493	58184200
1	5	28	0	8609000
1	5	288	3202	68384300
1	5	293	3574	56687600
1	5	12	1001061	37262995100
1	5	106	1	3484800
1	5	5319	0	4962500
1	5	4438	0	6923400
1	5	1597	0	6085300
1	5	1072	0	7195000
1	5	5420	0	5961100
1	5	32	1	4594900
1	5	19	0	7350700
1	5	856	0	11874600
1	5	547	0	6157100
1	5	54	0	6640500
1	5	241	15	4742500
1	5	845	44	3407500
1	5	16	218	6373500
1	5	137	0	4849300
1	5	12	1001061	38882177800
1	5	37	0	6516200
1	5	152	13	4129400
1	5	74	0	4963900
1	5	7449	3	3558700
1	5	153	0	4649100
1	5	68	0	6057000
1	5	167	0	7943800
1	5	3717	0	5392200
1	5	9315	982	20054400
1	5	101	0	5275000
1	5	27	0	6060700
1	5	305	0	5822200
1	5	4701	18	4483300
1	5	506	1746	29175800
1	5	300	34	3530400
1	5	20	1213787	54444891200
1	5	2324	0	14838000
1	5	220	158	13949800
1	5	4921	0	6460300
1	5	3943	11	4947900
1	5	8651	0	5558800
1	5	13	1031830	42765254100
1	5	2923	1276	23050900
1	5	13	1031830	36134932300
1	5	2607	0	10129200
1	5	25	0	9983000
1	5	18	6532	100203100
1	5	128	0	5095200
1	5	17	6948	107815300
1	5	7094	52	4716900
1	5	4721	0	5383700
1	5	2205	205	14020300
1	5	63	0	4949900
1	5	514	193	21698600
1	5	2771	1	3560000
1	5	3960	0	6049800
1	5	125	0	10069100
1	5	192	0	7328700
1	5	16	218	7410800
1	5	165	0	5296200
1	5	2897	0	6396100
1	5	113	0	7735000
1	5	6736	0	5837700
1	5	13	1031830	36942245900
1	5	284	0	5598100
1	5	185	0	9645700
1	5	3576	0	9182400
1	5	22	3791	59439900
1	5	63	0	5151000
1	5	385	102	6008400
1	5	66	6049	95426200
1	5	438	0	5107200
1	5	23	2627	44609400
1	5	20	1213787	44489209700
1	5	365	376	8486700
1	5	816	14	4554500
1	5	199	0	4898600
1	5	933	6	9269900
1	5	168	0	4331700
1	5	64	2890	52363900
1	5	26	0	5571500
1	5	1696	133	8291200
1	5	8628	0	5898000
1	5	37	0	6904500
1	5	90	0	5298100
1	5	4709	0	6648000
1	5	2145	301	10741800
1	5	516	0	5239700
1	5	204	38	5615800
1	5	278	236	6602900
1	5	55	0	4288000
1	5	165	0	7572200
1	5	16	218	8935700
1	5	8836	0	5301800
1	5	114	0	7251000
1	5	339	13	6194400
1	5	7023	0	8455200
1	5	242	644	21196700
1	5	4953	0	5695600
1	5	1303	0	15034600
1	5	42	0	14728300
1	5	738	18	7259600
1	5	625	87	12567900
1	5	4891	0	10945100
1	5	10222	61	6361200
1	5	118	0	4397600
1	5	158	0	6734500
1	5	5550	376	12152600
1	5	2254	0	4918900
1	5	4218	533	14176700
1	5	960	174	6750300
1	5	1000	318	8658200
1	5	13	1031830	45920750600
1	5	866	1593	26842600
1	5	13	1031830	40254287200
1	5	619	0	6392600
1	5	4416	0	6741800
1	5	2904	0	5790700
1	5	88	0	10228700
1	5	59	1238	32253600
1	5	38	38	5418500
1	5	15	14342	211181600
1	5	574	56	4187300
1	5	154	0	5348800
1	5	15	14342	198411400
1	5	254	55	4119000
1	5	1480	0	5775700
1	5	19	0	6843500
1	5	4545	1	4512600
1	5	1842	0	4615400
1	5	1207	0	5837900
1	5	8154	0	6043300
1	5	891	0	6008700
1	5	44	0	6255600
1	5	13	1031830	38597493100
1	5	200	48	5221500
1	5	7289	0	5254000
1	5	5833	0	7137300
1	5	2643	0	5887100
1	5	58	2475	38285500
1	5	241	15	2767200
1	5	17	6948	106541400
1	5	31	2493	42412500
1	5	28	0	5386100
1	5	116	0	5553500
1	5	5011	0	5805100
1	5	12	1001061	40443083200
1	5	178	0	18212300
1	5	1582	6	4478000
1	5	4086	30	11816400
1	5	1011	0	4319500
1	5	1260	0	6875000
1	5	5523	1192	24998300
1	5	2621	0	6733400
1	5	75	0	6570100
1	5	507	116	6838800
1	5	6635	8	2751900
1	5	143	0	4333500
1	5	799	17	4980600
1	5	51	0	4390000
1	5	3314	0	5734200
1	5	87	7497	107414200
1	5	2128	0	5288200
1	5	9880	0	6483400
1	5	208	73	5781400
1	5	122	0	4517700
1	5	1036	12	4509800
1	5	912	17	2689900
1	5	5278	551	12279500
1	5	23	2627	176223000
1	5	157	0	5505100
1	5	12	1001061	41380305800
1	5	66	6049	116668700
1	5	1568	354	9896400
1	5	4726	616	14133300
1	5	27	0	8001300
1	5	7296	0	9115100
1	5	1224	0	8803900
1	5	4681	62	8164500
1	5	240	1258	49511200
1	5	3967	0	5801800
1	5	1758	0	6630100
1	5	139	0	7141700
1	5	7314	1	5229300
1	5	843	0	7455100
1	5	7937	0	5459600
1	5	683	245	13628100
1	5	679	21	6687300
1	5	84	0	7385100
1	5	3156	0	7826700
1	5	21	9027	130975000
1	5	1967	0	5182300
1	5	1067	0	6549800
1	5	3242	1	5468200
1	5	1749	0	4980300
1	5	3981	1249	27330300
1	5	805	19	3233500
1	5	83	0	4284600
1	5	27	0	9097700
1	5	102	8	5271200
1	5	1756	0	8576400
1	5	2789	0	7387100
1	5	7256	285	10261100
1	5	290	0	5233700
1	5	96	1	5695900
1	5	5607	9	2441100
1	5	30	0	4724000
1	5	8454	0	8762900
1	5	24	41	5069400
1	5	3331	45	3396300
1	5	358	36	3115900
1	5	1193	0	5130700
1	5	9711	0	7133700
1	5	8184	0	204351200
1	5	9778	0	6492800
1	5	48	0	6001800
1	5	360	0	5652100
1	5	863	17	4739000
1	5	9361	125	5142800
1	5	12	1001061	31209148300
1	5	12	1001061	39303783800
1	5	2265	0	5613500
1	5	79	0	7854300
1	5	6818	0	9141600
1	5	1168	637	19670200
1	5	5053	2	3004900
1	5	280	2	2357400
1	5	2523	0	4530400
1	5	2027	0	10337100
1	5	3627	13	5607700
1	5	24	41	156938100
1	5	63	0	5881400
2	5	2349	0	14717200
2	5	12	1001061	51224835100
2	5	18	6532	102621500
2	5	65	0	9182900
2	5	45	0	9163500
2	5	12	1001061	47377672200
2	5	12	1001061	39201373600
2	5	4718	0	61215500
2	5	733	0	21263800
2	5	616	51	9791000
2	5	1502	46	4730300
2	5	1148	6819	105363700
2	5	83	0	6659100
2	5	10425	72	6043800
2	5	3332	0	5082500
2	5	29	0	559757500
2	5	121	0	10421900
2	5	31	2493	43767200
2	5	28	0	5696900
2	5	288	3202	61249700
2	5	293	3574	51692400
2	5	12	1001061	39804277300
2	5	106	1	3414100
2	5	5319	0	5382000
2	5	4438	0	10360600
2	5	1597	0	9065900
2	5	1072	0	8551000
2	5	5420	0	9724000
2	5	32	1	5377700
2	5	19	0	8300200
2	5	856	0	8882300
2	5	547	0	8920400
2	5	54	0	6354000
2	5	241	15	6073300
2	5	845	44	5580800
2	5	16	218	10207200
2	5	137	0	4413900
2	5	12	1001061	39553814100
2	5	37	0	5560500
2	5	152	13	5746300
2	5	74	0	5870100
2	5	7449	3	6358500
2	5	153	0	7888900
2	5	68	0	9081800
2	5	167	0	8174300
2	5	3717	0	8674400
2	5	9315	982	27088100
2	5	101	0	6077400
2	5	27	0	5454300
2	5	305	0	5906700
2	5	4701	18	3902300
2	5	506	1746	31231600
2	5	300	34	3551400
2	5	20	1213787	47912761900
2	5	2324	0	9289200
2	5	220	158	9899000
2	5	4921	0	5588900
2	5	3943	11	4628900
2	5	8651	0	5206200
2	5	13	1031830	42527578500
2	5	2923	1276	338436000
2	5	13	1031830	41130728800
2	5	2607	0	5688000
2	5	25	0	12833500
2	5	18	6532	107589600
2	5	128	0	4995000
2	5	17	6948	97196000
2	5	7094	52	4149700
2	5	4721	0	4770300
2	5	2205	205	8094300
2	5	63	0	10914300
2	5	514	193	9535200
2	5	2771	1	2586900
2	5	3960	0	4614200
2	5	125	0	10799100
2	5	192	0	6697200
2	5	16	218	10446000
2	5	165	0	4713900
2	5	2897	0	6624300
2	5	113	0	10924100
2	5	6736	0	5911200
2	5	13	1031830	41602991400
2	5	284	0	6124700
2	5	185	0	9979700
2	5	3576	0	21836300
2	5	22	3791	59153900
2	5	63	0	9540000
2	5	385	102	15763500
2	5	66	6049	88858800
2	5	438	0	5331800
2	5	23	2627	251313800
2	5	20	1213787	56617976700
2	5	365	376	8860700
2	5	816	14	2978500
2	5	199	0	4584300
2	5	933	6	7790200
2	5	168	0	7775000
2	5	64	2890	78039200
2	5	26	0	9386600
2	5	1696	133	12909900
2	5	8628	0	7661800
2	5	37	0	9438600
2	5	90	0	16229000
2	5	4709	0	7156100
2	5	2145	301	14155700
2	5	516	0	4966900
2	5	204	38	5105300
2	5	278	236	7333000
2	5	55	0	5515200
2	5	165	0	6781800
2	5	16	218	12239400
2	5	8836	0	9520100
2	5	114	0	7203300
2	5	339	13	9000200
2	5	7023	0	8411000
2	5	242	644	23395900
2	5	4953	0	9107200
2	5	1303	0	6149300
2	5	42	0	6635700
2	5	738	18	6294100
2	5	625	87	7001400
2	5	4891	0	10819800
2	5	10222	61	6110200
2	5	118	0	8085300
2	5	158	0	6215100
2	5	5550	376	10239100
2	5	2254	0	5321800
2	5	4218	533	15613200
2	5	960	174	5831500
2	5	1000	318	8017500
2	5	13	1031830	40789474600
2	5	866	1593	27113000
2	5	13	1031830	39052537700
2	5	619	0	6336300
2	5	4416	0	6066800
2	5	2904	0	10194000
2	5	88	0	6728000
2	5	59	1238	36958100
2	5	38	38	3707800
2	5	15	14342	296502700
2	5	574	56	4101200
2	5	154	0	6936800
2	5	15	14342	194626100
2	5	254	55	4721400
2	5	1480	0	4691300
2	5	19	0	5535500
2	5	4545	1	7677600
2	5	1842	0	5122300
2	5	1207	0	10191100
2	5	8154	0	9520600
2	5	891	0	7255800
2	5	44	0	195818900
2	5	13	1031830	41092165000
2	5	200	48	4308200
2	5	7289	0	5564300
2	5	5833	0	6660200
2	5	2643	0	9515200
2	5	58	2475	50554600
2	5	241	15	2882600
2	5	17	6948	100012500
2	5	31	2493	44878500
2	5	28	0	6439000
2	5	116	0	9945000
2	5	5011	0	8684800
2	5	12	1001061	31700702900
2	5	178	0	6087800
2	5	1582	6	4781900
2	5	4086	30	2981300
2	5	1011	0	4253200
2	5	1260	0	5840600
2	5	5523	1192	22472400
2	5	2621	0	4647600
2	5	75	0	5500000
2	5	507	116	5831400
2	5	6635	8	2733500
2	5	143	0	4881100
2	5	799	17	4893200
2	5	51	0	4422400
2	5	3314	0	6435800
2	5	87	7497	109035000
2	5	2128	0	6129300
2	5	9880	0	7216300
2	5	208	73	6126800
2	5	122	0	5492600
2	5	1036	12	4800600
2	5	912	17	2627600
2	5	5278	551	10995200
2	5	23	2627	40749100
2	5	157	0	8550600
2	5	12	1001061	39805638100
2	5	66	6049	682824800
2	5	1568	354	13659600
2	5	4726	616	20525000
2	5	27	0	8495400
2	5	7296	0	6995700
2	5	1224	0	6372800
2	5	4681	62	6044100
2	5	240	1258	24934100
2	5	3967	0	5017400
2	5	1758	0	7720300
2	5	139	0	5737000
2	5	7314	1	7977900
2	5	843	0	5209600
2	5	7937	0	6483900
2	5	683	245	167708700
2	5	679	21	3094800
2	5	84	0	4206700
2	5	3156	0	7814900
2	5	21	9027	164991300
2	5	1967	0	5111100
2	5	1067	0	6987200
2	5	3242	1	4650500
2	5	1749	0	4039500
2	5	3981	1249	22611100
2	5	805	19	3458300
2	5	83	0	4521800
2	5	27	0	5744100
2	5	102	8	4512200
2	5	1756	0	3996600
2	5	2789	0	8691800
2	5	7256	285	12880900
2	5	290	0	4508200
2	5	96	1	3215100
2	5	5607	9	3254800
2	5	30	0	4060500
2	5	8454	0	8661900
2	5	24	41	4596400
2	5	3331	45	3938700
2	5	358	36	2785100
2	5	1193	0	4723900
2	5	9711	0	9121000
2	5	8184	0	6275200
2	5	9778	0	5987000
2	5	48	0	5486000
2	5	360	0	5507700
2	5	863	17	4190900
2	5	9361	125	4462100
2	5	12	1001061	39108748300
2	5	12	1001061	26809281700
2	5	2265	0	5720000
2	5	79	0	8612500
2	5	6818	0	9316200
2	5	1168	637	15708300
2	5	5053	2	2561200
2	5	280	2	3391100
2	5	2523	0	4784200
2	5	2027	0	13051400
2	5	3627	13	5305900
2	5	24	41	3263700
2	5	63	0	4755100
3	5	2349	0	24765500
3	5	12	1001061	45261178900
3	5	18	6532	104062100
3	5	65	0	5084300
3	5	45	0	8462900
3	5	12	1001061	44771198800
3	5	12	1001061	40608392700
3	5	4718	0	6803800
3	5	733	0	6371800
3	5	616	51	5244500
3	5	1502	46	4037000
3	5	1148	6819	94799600
3	5	83	0	6573400
3	5	10425	72	5597700
3	5	3332	0	5212700
3	5	29	0	7773900
3	5	121	0	6491100
3	5	31	2493	41742100
3	5	28	0	6949700
3	5	288	3202	59400000
3	5	293	3574	72161800
3	5	12	1001061	41168731400
3	5	106	1	4702300
3	5	5319	0	7934900
3	5	4438	0	6710500
3	5	1597	0	6379500
3	5	1072	0	5992600
3	5	5420	0	8293800
3	5	32	1	5153800
3	5	19	0	4465300
3	5	856	0	6840600
3	5	547	0	5654400
3	5	54	0	5671000
3	5	241	15	4602500
3	5	845	44	5872500
3	5	16	218	8699200
3	5	137	0	7181100
3	5	12	1001061	42366778400
3	5	37	0	8729900
3	5	152	13	5879400
3	5	74	0	7302800
3	5	7449	3	12681200
3	5	153	0	5442300
3	5	68	0	7399800
3	5	167	0	7476600
3	5	3717	0	6632500
3	5	9315	982	40965400
3	5	101	0	6047200
3	5	27	0	6595400
3	5	305	0	6293100
3	5	4701	18	7837500
3	5	506	1746	29700700
3	5	300	34	3455100
3	5	20	1213787	51717643300
3	5	2324	0	5916500
3	5	220	158	11156300
3	5	4921	0	7608700
3	5	3943	11	6226800
3	5	8651	0	6994700
3	5	13	1031830	42139224200
3	5	2923	1276	26871600
3	5	13	1031830	44797427000
3	5	2607	0	5685600
3	5	25	0	8508500
3	5	18	6532	92612400
3	5	128	0	5567900
3	5	17	6948	408067800
3	5	7094	52	184279100
3	5	4721	0	16116800
3	5	2205	205	12273500
3	5	63	0	8318700
3	5	514	193	14144500
3	5	2771	1	3321700
3	5	3960	0	5397900
3	5	125	0	6534000
3	5	192	0	5664100
3	5	16	218	649418600
3	5	165	0	8075600
3	5	2897	0	9762900
3	5	113	0	8614000
3	5	6736	0	9235700
3	5	13	1031830	39570688700
3	5	284	0	6011600
3	5	185	0	11612100
3	5	3576	0	8206200
3	5	22	3791	58689100
3	5	63	0	8091400
3	5	385	102	9635800
3	5	66	6049	85067000
3	5	438	0	94831100
3	5	23	2627	44928000
3	5	20	1213787	49025553200
3	5	365	376	9737100
3	5	816	14	2838800
3	5	199	0	5619400
3	5	933	6	4714500
3	5	168	0	7805300
3	5	64	2890	47932400
3	5	26	0	5231600
3	5	1696	133	9037300
3	5	8628	0	5480300
3	5	37	0	5780900
3	5	90	0	9661900
3	5	4709	0	9293900
3	5	2145	301	13064500
3	5	516	0	7939600
3	5	204	38	9616000
3	5	278	236	6534900
3	5	55	0	4295500
3	5	165	0	5398400
3	5	16	218	8712500
3	5	8836	0	4839200
3	5	114	0	7172600
3	5	339	13	5985900
3	5	7023	0	7270300
3	5	242	644	15354100
3	5	4953	0	7894000
3	5	1303	0	7040000
3	5	42	0	5471000
3	5	738	18	143732000
3	5	625	87	4696300
3	5	4891	0	5103200
3	5	10222	61	7004400
3	5	118	0	7476700
3	5	158	0	5816400
3	5	5550	376	10639400
3	5	2254	0	5129100
3	5	4218	533	14026800
3	5	960	174	7006700
3	5	1000	318	9510200
3	5	13	1031830	40271058300
3	5	866	1593	29965200
3	5	13	1031830	41748033100
3	5	619	0	8705100
3	5	4416	0	8586400
3	5	2904	0	9314000
3	5	88	0	9186300
3	5	59	1238	57287800
3	5	38	38	5019900
3	5	15	14342	450784400
3	5	574	56	4472500
3	5	154	0	9893900
3	5	15	14342	227358600
3	5	254	55	4323800
3	5	1480	0	4615200
3	5	19	0	9793600
3	5	4545	1	5828400
3	5	1842	0	4644300
3	5	1207	0	8688000
3	5	8154	0	6193800
3	5	891	0	6793500
3	5	44	0	5939900
3	5	13	1031830	34940295600
3	5	200	48	6792300
3	5	7289	0	5107800
3	5	5833	0	9267300
3	5	2643	0	141339100
3	5	58	2475	51029500
3	5	241	15	3243800
3	5	17	6948	101010800
3	5	31	2493	37989100
3	5	28	0	5248400
3	5	116	0	6467000
3	5	5011	0	11026100
3	5	12	1001061	43836529200
3	5	178	0	9707800
3	5	1582	6	4766700
3	5	4086	30	3403100
3	5	1011	0	9645600
3	5	1260	0	6947100
3	5	5523	1192	24618100
3	5	2621	0	4916800
3	5	75	0	8874800
3	5	507	116	9756200
3	5	6635	8	2987200
3	5	143	0	4721400
3	5	799	17	4768500
3	5	51	0	4806100
3	5	3314	0	11791900
3	5	87	7497	185743500
3	5	2128	0	5234600
3	5	9880	0	5898000
3	5	208	73	5329500
3	5	122	0	4411300
3	5	1036	12	3946100
3	5	912	17	3476500
3	5	5278	551	10055900
3	5	23	2627	40648600
3	5	157	0	5621800
3	5	12	1001061	40742003200
3	5	66	6049	89765600
3	5	1568	354	8993900
3	5	4726	616	13086400
3	5	27	0	5698300
3	5	7296	0	10346300
3	5	1224	0	5994200
3	5	4681	62	6156600
3	5	240	1258	27703200
3	5	3967	0	8879700
3	5	1758	0	9718600
3	5	139	0	6285700
3	5	7314	1	4888600
3	5	843	0	4994800
3	5	7937	0	7199100
3	5	683	245	8510000
3	5	679	21	2629000
3	5	84	0	5183100
3	5	3156	0	9465700
3	5	21	9027	134307900
3	5	1967	0	5151200
3	5	1067	0	6784500
3	5	3242	1	4338800
3	5	1749	0	5184700
3	5	3981	1249	23040100
3	5	805	19	2955200
3	5	83	0	4749600
3	5	27	0	6178400
3	5	102	8	4822300
3	5	1756	0	4401600
3	5	2789	0	5998700
3	5	7256	285	9094900
3	5	290	0	4427500
3	5	96	1	3880200
3	5	5607	9	3047100
3	5	30	0	5109000
3	5	8454	0	6522300
3	5	24	41	4610200
3	5	3331	45	3506400
3	5	358	36	3033200
3	5	1193	0	4657300
3	5	9711	0	5673600
3	5	8184	0	5894100
3	5	9778	0	5601500
3	5	48	0	6236500
3	5	360	0	5456300
3	5	863	17	7329800
3	5	9361	125	7388800
3	5	12	1001061	38390229600
3	5	12	1001061	28224184100
3	5	2265	0	7897300
3	5	79	0	8764700
3	5	6818	0	8512500
3	5	1168	637	29034800
3	5	5053	2	3842000
3	5	280	2	3582700
3	5	2523	0	6940500
3	5	2027	0	8407000
3	5	3627	13	5895000
3	5	24	41	3663700
3	5	63	0	4411800
4	5	2349	0	40012700
4	5	12	1001061	46685429500
4	5	18	6532	104392500
4	5	65	0	5566000
4	5	45	0	6198500
4	5	12	1001061	42210960500
4	5	12	1001061	42764364400
4	5	4718	0	8997000
4	5	733	0	7874000
4	5	616	51	6430400
4	5	1502	46	4179900
4	5	1148	6819	108311700
4	5	83	0	5411000
4	5	10425	72	6216700
4	5	3332	0	7567800
4	5	29	0	7640900
4	5	121	0	6879200
4	5	31	2493	48323100
4	5	28	0	4957300
4	5	288	3202	58738600
4	5	293	3574	74019700
4	5	12	1001061	41808339900
4	5	106	1	3313300
4	5	5319	0	5218200
4	5	4438	0	5516400
4	5	1597	0	6264400
4	5	1072	0	5642900
4	5	5420	0	6426600
4	5	32	1	4180900
4	5	19	0	5037400
4	5	856	0	5954100
4	5	547	0	6211800
4	5	54	0	6029100
4	5	241	15	3951000
4	5	845	44	3617100
4	5	16	218	7866400
4	5	137	0	5189700
4	5	12	1001061	43416155200
4	5	37	0	9816700
4	5	152	13	4640900
4	5	74	0	4782200
4	5	7449	3	4450900
4	5	153	0	13951800
4	5	68	0	20192200
4	5	167	0	10739200
4	5	3717	0	6328700
4	5	9315	982	27844700
4	5	101	0	5027600
4	5	27	0	6670700
4	5	305	0	6337000
4	5	4701	18	4791000
4	5	506	1746	32675500
4	5	300	34	3431100
4	5	20	1213787	50538436400
4	5	2324	0	242348200
4	5	220	158	8595300
4	5	4921	0	4427200
4	5	3943	11	4045700
4	5	8651	0	4484800
4	5	13	1031830	44928646700
4	5	2923	1276	31359300
4	5	13	1031830	38746281100
4	5	2607	0	7983000
4	5	25	0	6806100
4	5	18	6532	237200800
4	5	128	0	8731600
4	5	17	6948	102322900
4	5	7094	52	4008600
4	5	4721	0	4588800
4	5	2205	205	7725600
4	5	63	0	4989400
4	5	514	193	94891700
4	5	2771	1	2031600
4	5	3960	0	4549700
4	5	125	0	5575400
4	5	192	0	136626800
4	5	16	218	11380500
4	5	165	0	4408600
4	5	2897	0	8263000
4	5	113	0	7961000
4	5	6736	0	5942300
4	5	13	1031830	34074060500
4	5	284	0	9027300
4	5	185	0	6365500
4	5	3576	0	6406900
4	5	22	3791	67020300
4	5	63	0	5433300
4	5	385	102	8564100
4	5	66	6049	90391300
4	5	438	0	5225500
4	5	23	2627	49548600
4	5	20	1213787	46080697900
4	5	365	376	14146100
4	5	816	14	5169200
4	5	199	0	4610500
4	5	933	6	5788100
4	5	168	0	5243600
4	5	64	2890	48711400
4	5	26	0	5152300
4	5	1696	133	10458900
4	5	8628	0	4245800
4	5	37	0	9150500
4	5	90	0	10005600
4	5	4709	0	8578400
4	5	2145	301	16265700
4	5	516	0	16415000
4	5	204	38	10857100
4	5	278	236	8054400
4	5	55	0	5211700
4	5	165	0	5856700
4	5	16	218	8793900
4	5	8836	0	5326700
4	5	114	0	8124500
4	5	339	13	5524600
4	5	7023	0	5494300
4	5	242	644	18159600
4	5	4953	0	5452800
4	5	1303	0	6245600
4	5	42	0	5780600
4	5	738	18	4436000
4	5	625	87	4481800
4	5	4891	0	4242400
4	5	10222	61	5156600
4	5	118	0	5071300
4	5	158	0	6111200
4	5	5550	376	11136900
4	5	2254	0	5471300
4	5	4218	533	15288200
4	5	960	174	6189200
4	5	1000	318	7677200
4	5	13	1031830	43653576800
4	5	866	1593	26900300
4	5	13	1031830	36524535000
4	5	619	0	5749100
4	5	4416	0	11239400
4	5	2904	0	10541000
4	5	88	0	9887600
4	5	59	1238	26651900
4	5	38	38	3940400
4	5	15	14342	372449900
4	5	574	56	3714400
4	5	154	0	5139600
4	5	15	14342	223334200
4	5	254	55	5123400
4	5	1480	0	4937100
4	5	19	0	5687000
4	5	4545	1	3866800
4	5	1842	0	4286200
4	5	1207	0	9490200
4	5	8154	0	8708400
4	5	891	0	8578300
4	5	44	0	7589000
4	5	13	1031830	38852146000
4	5	200	48	4414500
4	5	7289	0	4592300
4	5	5833	0	5952500
4	5	2643	0	5260200
4	5	58	2475	51552400
4	5	241	15	6398700
4	5	17	6948	131414400
4	5	31	2493	38782000
4	5	28	0	5038800
4	5	116	0	7322300
4	5	5011	0	5653400
4	5	12	1001061	39355246100
4	5	178	0	5541300
4	5	1582	6	4273600
4	5	4086	30	2862100
4	5	1011	0	4710600
4	5	1260	0	5868500
4	5	5523	1192	32000500
4	5	2621	0	5824100
4	5	75	0	13067600
4	5	507	116	7217000
4	5	6635	8	3204100
4	5	143	0	5075300
4	5	799	17	4972100
4	5	51	0	4444300
4	5	3314	0	5828200
4	5	87	7497	120687100
4	5	2128	0	5162000
4	5	9880	0	6912200
4	5	208	73	6325200
4	5	122	0	4424700
4	5	1036	12	5457800
4	5	912	17	5085300
4	5	5278	551	10781600
4	5	23	2627	42390800
4	5	157	0	5144100
4	5	12	1001061	41419117800
4	5	66	6049	87749400
4	5	1568	354	8392700
4	5	4726	616	13635200
4	5	27	0	5521000
4	5	7296	0	6131500
4	5	1224	0	8568700
4	5	4681	62	5887300
4	5	240	1258	175982900
4	5	3967	0	5553800
4	5	1758	0	7114600
4	5	139	0	6671600
4	5	7314	1	8004900
4	5	843	0	9299400
4	5	7937	0	10453300
4	5	683	245	13585000
4	5	679	21	3494900
4	5	84	0	4328400
4	5	3156	0	8828200
4	5	21	9027	145963300
4	5	1967	0	5993500
4	5	1067	0	6067200
4	5	3242	1	5504500
4	5	1749	0	4412100
4	5	3981	1249	25964800
4	5	805	19	3292300
4	5	83	0	4953700
4	5	27	0	9010300
4	5	102	8	4917800
4	5	1756	0	4420700
4	5	2789	0	7828600
4	5	7256	285	11513700
4	5	290	0	5659700
4	5	96	1	6027600
4	5	5607	9	4178300
4	5	30	0	7160800
4	5	8454	0	8345200
4	5	24	41	9063100
4	5	3331	45	3557600
4	5	358	36	3410000
4	5	1193	0	4334600
4	5	9711	0	5714200
4	5	8184	0	5992000
4	5	9778	0	6185700
4	5	48	0	10230300
4	5	360	0	6139000
4	5	863	17	5440400
4	5	9361	125	6744800
4	5	12	1001061	39323313000
4	5	12	1001061	36888824100
4	5	2265	0	5857900
4	5	79	0	20966600
4	5	6818	0	8451800
4	5	1168	637	15176400
4	5	5053	2	2458700
4	5	280	2	2297200
4	5	2523	0	4898700
4	5	2027	0	9385000
4	5	3627	13	7949500
4	5	24	41	7846100
4	5	63	0	10315400
0	6	2349	0	8004300
0	6	12	1001061	48458719800
0	6	18	6532	8016069800
0	6	65	0	1110962001
0	6	45	0	741101400
0	6	12	1001061	56288966400
0	6	12	1001061	52269901100
0	6	4718	0	8843100
0	6	733	0	12186200
0	6	616	51	8059200
0	6	1502	46	941025300
0	6	1148	6819	122086500
0	6	83	0	5169499
0	6	10425	72	13814699
0	6	3332	0	6796300
0	6	29	0	8607999
0	6	121	0	8394400
0	6	31	2493	48577801
0	6	28	0	6949800
0	6	288	3202	48259400
0	6	293	3574	216612101
0	6	12	1001061	46086681000
0	6	106	1	3600300
0	6	5319	0	4928700
0	6	4438	0	5813700
0	6	1597	0	8149400
0	6	1072	0	6384100
0	6	5420	0	6669300
0	6	32	1	4397300
0	6	19	0	4542500
0	6	856	0	6985800
0	6	547	0	6608000
0	6	54	0	5943100
0	6	241	15	4858600
0	6	845	44	3900500
0	6	16	218	6548100
0	6	137	0	4844900
0	6	12	1001061	55652684000
0	6	37	0	6175900
0	6	152	13	8597700
0	6	74	0	5203100
0	6	7449	3	4765900
0	6	153	0	4647400
0	6	68	0	6774500
0	6	167	0	6105000
0	6	3717	0	6271400
0	6	9315	982	26423400
0	6	101	0	7715900
0	6	27	0	7596900
0	6	305	0	4997500
0	6	4701	18	5460600
0	6	506	1746	29788300
0	6	300	34	3845200
0	6	20	1213787	78680680000
0	6	2324	0	20496900
0	6	220	158	25401100
0	6	4921	0	6110600
0	6	3943	11	4493500
0	6	8651	0	4965300
0	6	13	1031830	61306420800
0	6	2923	1276	29287300
0	6	13	1031830	43308975500
0	6	2607	0	5216400
0	6	25	0	6935200
0	6	18	6532	307850000
0	6	128	0	7676100
0	6	17	6948	102117700
0	6	7094	52	4253200
0	6	4721	0	4647200
0	6	2205	205	8599500
0	6	63	0	4657500
0	6	514	193	11433000
0	6	2771	1	2247800
0	6	3960	0	4647900
0	6	125	0	6059500
0	6	192	0	6276800
0	6	16	218	208804700
0	6	165	0	4756600
0	6	2897	0	5657300
0	6	113	0	10164400
0	6	6736	0	9415700
0	6	13	1031830	49454809900
0	6	284	0	6198300
0	6	185	0	9728600
0	6	3576	0	9694000
0	6	22	3791	69166700
0	6	63	0	5416100
0	6	385	102	6885200
0	6	66	6049	92178900
0	6	438	0	5714100
0	6	23	2627	52038300
0	6	20	1213787	74117223500
0	6	365	376	9930800
0	6	816	14	2975500
0	6	199	0	5168100
0	6	933	6	4569300
0	6	168	0	4551000
0	6	64	2890	195027200
0	6	26	0	6015000
0	6	1696	133	9602800
0	6	8628	0	4615100
0	6	37	0	6556800
0	6	90	0	6190300
0	6	4709	0	6434300
0	6	2145	301	10658000
0	6	516	0	5274800
0	6	204	38	4743600
0	6	278	236	7002400
0	6	55	0	4718400
0	6	165	0	5339600
0	6	16	218	229605800
0	6	8836	0	7653700
0	6	114	0	9436000
0	6	339	13	5628900
0	6	7023	0	7065300
0	6	242	644	20239200
0	6	4953	0	7182700
0	6	1303	0	10966300
0	6	42	0	8784500
0	6	738	18	6155000
0	6	625	87	6803800
0	6	4891	0	9096500
0	6	10222	61	5239500
0	6	118	0	4971500
0	6	158	0	10627400
0	6	5550	376	14663100
0	6	2254	0	5647100
0	6	4218	533	18455800
0	6	960	174	8712500
0	6	1000	318	12529500
0	6	13	1031830	53169201400
0	6	866	1593	45193400
0	6	13	1031830	50344184400
0	6	619	0	5442900
0	6	4416	0	43663300
0	6	2904	0	5168200
0	6	88	0	5018800
0	6	59	1238	24596100
0	6	38	38	3948300
0	6	15	14342	214017800
0	6	574	56	4424600
0	6	154	0	5426900
0	6	15	14342	252295500
0	6	254	55	5385200
0	6	1480	0	5884900
0	6	19	0	7780600
0	6	4545	1	4787000
0	6	1842	0	5215600
0	6	1207	0	7008100
0	6	8154	0	10242600
0	6	891	0	6420800
0	6	44	0	8748100
0	6	13	1031830	48959198300
0	6	200	48	6540800
0	6	7289	0	5539500
0	6	5833	0	86665700
0	6	2643	0	9239300
0	6	58	2475	54679900
0	6	241	15	4452800
0	6	17	6948	102165800
0	6	31	2493	37568300
0	6	28	0	6876900
0	6	116	0	16758200
0	6	5011	0	6633500
0	6	12	1001061	56747631300
0	6	178	0	9498900
0	6	1582	6	5230087300
0	6	4086	30	800962400
0	6	1011	0	692119300
0	6	1260	0	6896600
0	6	5523	1192	26848800
0	6	2621	0	5188700
0	6	75	0	9783300
0	6	507	116	9217200
0	6	6635	8	3434400
0	6	143	0	4680700
0	6	799	17	5182400
0	6	51	0	4751700
0	6	3314	0	8558600
0	6	87	7497	110468300
0	6	2128	0	8140700
0	6	9880	0	9447900
0	6	208	73	10152500
0	6	122	0	5842000
0	6	1036	12	14394200
0	6	912	17	7843900
0	6	5278	551	20962700
0	6	23	2627	53824000
0	6	157	0	35824500
0	6	12	1001061	44700197000
0	6	66	6049	120969100
0	6	1568	354	9336600
0	6	4726	616	11944000
0	6	27	0	7729500
0	6	7296	0	45156300
0	6	1224	0	6591600
0	6	4681	62	5302100
0	6	240	1258	23437600
0	6	3967	0	7018500
0	6	1758	0	8601900
0	6	139	0	10749900
0	6	7314	1	6454500
0	6	843	0	7426800
0	6	7937	0	7487900
0	6	683	245	11512200
0	6	679	21	4112900
0	6	84	0	8458800
0	6	3156	0	5828500
0	6	21	9027	125698900
0	6	1967	0	10743700
0	6	1067	0	10288800
0	6	3242	1	5446000
0	6	1749	0	5409800
0	6	3981	1249	25538000
0	6	805	19	2960700
0	6	83	0	4760200
0	6	27	0	16537600
0	6	102	8	4006900
0	6	1756	0	4264900
0	6	2789	0	6133400
0	6	7256	285	881756900
0	6	290	0	5144300
0	6	96	1	5237800
0	6	5607	9	2703700
0	6	30	0	4290100
0	6	8454	0	7531300
0	6	24	41	6135300
0	6	3331	45	3212400
0	6	358	36	2948900
0	6	1193	0	4804700
0	6	9711	0	8170800
0	6	8184	0	8254900
0	6	9778	0	7962800
0	6	48	0	8794600
0	6	360	0	5252000
0	6	863	17	4967400
0	6	9361	125	4850500
0	6	12	1001061	51881937400
0	6	12	1001061	42894406800
0	6	2265	0	5732000
0	6	79	0	6848200
0	6	6818	0	5467500
0	6	1168	637	14935300
0	6	5053	2	2813200
0	6	280	2	2674500
0	6	2523	0	6973000
0	6	2027	0	6647700
0	6	3627	13	5005700
0	6	24	41	3550900
0	6	63	0	4004800
1	6	2349	0	8995600
1	6	12	1001061	62426268100
1	6	18	6532	94829799
1	6	65	0	8217100
1	6	45	0	7939700
1	6	12	1001061	56827743900
1	6	12	1001061	48843427300
1	6	4718	0	8630699
1	6	733	0	8564099
1	6	616	51	6858601
1	6	1502	46	3446699
1	6	1148	6819	527967200
1	6	83	0	7832799
1	6	10425	72	5452500
1	6	3332	0	4107701
1	6	29	0	5008000
1	6	121	0	5367900
1	6	31	2493	39902400
1	6	28	0	4919000
1	6	288	3202	56912699
1	6	293	3574	58187400
1	6	12	1001061	46089660800
1	6	106	1	3417700
1	6	5319	0	10656000
1	6	4438	0	10016000
1	6	1597	0	16266000
1	6	1072	0	12407900
1	6	5420	0	17045400
1	6	32	1	9648000
1	6	19	0	4543500
1	6	856	0	20203200
1	6	547	0	7016000
1	6	54	0	5377700
1	6	241	15	7724600
1	6	845	44	5824600
1	6	16	218	6989900
1	6	137	0	4057200
1	6	12	1001061	51047892900
1	6	37	0	8705800
1	6	152	13	6001100
1	6	74	0	7213200
1	6	7449	3	7108400
1	6	153	0	8844300
1	6	68	0	10210800
1	6	167	0	9306800
1	6	3717	0	7115400
1	6	9315	982	37010400
1	6	101	0	6249200
1	6	27	0	12407200
1	6	305	0	10540500
1	6	4701	18	5616700
1	6	506	1746	191520800
1	6	300	34	5980000
1	6	20	1213787	79016083100
1	6	2324	0	14150200
1	6	220	158	50236100
1	6	4921	0	8960900
1	6	3943	11	10806900
1	6	8651	0	25908300
1	6	13	1031830	54961953300
1	6	2923	1276	26116200
1	6	13	1031830	53218740500
1	6	2607	0	5025100
1	6	25	0	8199200
1	6	18	6532	114614100
1	6	128	0	183040300
1	6	17	6948	100019600
1	6	7094	52	3483200
1	6	4721	0	4698300
1	6	2205	205	11817000
1	6	63	0	7880200
1	6	514	193	10708600
1	6	2771	1	2955700
1	6	3960	0	4635200
1	6	125	0	7762000
1	6	192	0	5299500
1	6	16	218	10691800
1	6	165	0	4997600
1	6	2897	0	7361400
1	6	113	0	6846300
1	6	6736	0	5229200
1	6	13	1031830	44182557900
1	6	284	0	5570700
1	6	185	0	6079900
1	6	3576	0	8609200
1	6	22	3791	83934000
1	6	63	0	8424200
1	6	385	102	5608000
1	6	66	6049	82264700
1	6	438	0	4982400
1	6	23	2627	48961800
1	6	20	1213787	65340305100
1	6	365	376	39305300
1	6	816	14	3331000
1	6	199	0	5630700
1	6	933	6	3924600
1	6	168	0	4985000
1	6	64	2890	150562500
1	6	26	0	107053300
1	6	1696	133	7400983800
1	6	8628	0	836435900
1	6	37	0	895903900
1	6	90	0	15162700
1	6	4709	0	17803500
1	6	2145	301	26863700
1	6	516	0	6340900
1	6	204	38	9537000
1	6	278	236	9584600
1	6	55	0	4833700
1	6	165	0	6654800
1	6	16	218	7680100
1	6	8836	0	4833200
1	6	114	0	5898300
1	6	339	13	4198200
1	6	7023	0	4451200
1	6	242	644	14577500
1	6	4953	0	13092400
1	6	1303	0	5348700
1	6	42	0	6024900
1	6	738	18	4565200
1	6	625	87	5305100
1	6	4891	0	220635000
1	6	10222	61	14531300
1	6	118	0	10514800
1	6	158	0	22466800
1	6	5550	376	27958900
1	6	2254	0	6135000
1	6	4218	533	19856500
1	6	960	174	12280600
1	6	1000	318	11847100
1	6	13	1031830	59168181300
1	6	866	1593	720034600
1	6	13	1031830	52392467800
1	6	619	0	692612200
1	6	4416	0	166622600
1	6	2904	0	10847500
1	6	88	0	6665200
1	6	59	1238	23180700
1	6	38	38	4150300
1	6	15	14342	663934300
1	6	574	56	5086800
1	6	154	0	4814700
1	6	15	14342	377812900
1	6	254	55	6190800
1	6	1480	0	16449300
1	6	19	0	9570500
1	6	4545	1	5198400
1	6	1842	0	4536400
1	6	1207	0	7925900
1	6	8154	0	8080400
1	6	891	0	8711600
1	6	44	0	8937700
1	6	13	1031830	56731239400
1	6	200	48	3910700
1	6	7289	0	4697200
1	6	5833	0	8275500
1	6	2643	0	6160300
1	6	58	2475	42407400
1	6	241	15	2602300
1	6	17	6948	101422100
1	6	31	2493	42129900
1	6	28	0	5057700
1	6	116	0	5542100
1	6	5011	0	5686700
1	6	12	1001061	52476245700
1	6	178	0	5895100
1	6	1582	6	8908600
1	6	4086	30	5213100
1	6	1011	0	7467500
1	6	1260	0	7388300
1	6	5523	1192	79536300
1	6	2621	0	7941200
1	6	75	0	7278600
1	6	507	116	9414200
1	6	6635	8	3166400
1	6	143	0	6327300
1	6	799	17	4102800
1	6	51	0	10147400
1	6	3314	0	6324600
1	6	87	7497	283151400
1	6	2128	0	4497400
1	6	9880	0	6721200
1	6	208	73	6419600
1	6	122	0	4711100
1	6	1036	12	4369300
1	6	912	17	2672100
1	6	5278	551	12386300
1	6	23	2627	44000000
1	6	157	0	5234500
1	6	12	1001061	53209871000
1	6	66	6049	91618200
1	6	1568	354	10068200
1	6	4726	616	15928500
1	6	27	0	7258900
1	6	7296	0	11833300
1	6	1224	0	7118200
1	6	4681	62	5518700
1	6	240	1258	32693200
1	6	3967	0	8045300
1	6	1758	0	7297000
1	6	139	0	6179200
1	6	7314	1	5376800
1	6	843	0	7693900
1	6	7937	0	7246400
1	6	683	245	11184100
1	6	679	21	2647200
1	6	84	0	4427700
1	6	3156	0	7685500
1	6	21	9027	123558500
1	6	1967	0	5216600
1	6	1067	0	7022600
1	6	3242	1	4431500
1	6	1749	0	4796700
1	6	3981	1249	29363000
1	6	805	19	3053300
1	6	83	0	6072500
1	6	27	0	6003300
1	6	102	8	198210700
1	6	1756	0	4929900
1	6	2789	0	5811800
1	6	7256	285	8964200
1	6	290	0	4481800
1	6	96	1	4214900
1	6	5607	9	2884500
1	6	30	0	4832100
1	6	8454	0	6131900
1	6	24	41	4836200
1	6	3331	45	5300700
1	6	358	36	4771000
1	6	1193	0	7264400
1	6	9711	0	6240900
1	6	8184	0	5509900
1	6	9778	0	6085000
1	6	48	0	6744900
1	6	360	0	5712100
1	6	863	17	4048200
1	6	9361	125	5527200
1	6	12	1001061	58130557100
1	6	12	1001061	36485729900
1	6	2265	0	5681800
1	6	79	0	46489100
1	6	6818	0	8547100
1	6	1168	637	17292800
1	6	5053	2	2778500
1	6	280	2	2976900
1	6	2523	0	4338900
1	6	2027	0	9912900
1	6	3627	13	5412000
1	6	24	41	4360000
1	6	63	0	5158400
2	6	2349	0	7929300
2	6	12	1001061	59359634800
2	6	18	6532	1040039200
2	6	65	0	5886100
2	6	45	0	6511300
2	6	12	1001061	43227649399
2	6	12	1001061	53271695100
2	6	4718	0	5917700
2	6	733	0	50073000
2	6	616	51	8307300
2	6	1502	46	4022100
2	6	1148	6819	96892801
2	6	83	0	5180400
2	6	10425	72	4901800
2	6	3332	0	5049700
2	6	29	0	8256100
2	6	121	0	7681701
2	6	31	2493	1045315099
2	6	28	0	8999001
2	6	288	3202	63425600
2	6	293	3574	51165101
2	6	12	1001061	48336635200
2	6	106	1	17299600
2	6	5319	0	14882000
2	6	4438	0	39745600
2	6	1597	0	10216500
2	6	1072	0	8021200
2	6	5420	0	24399700
2	6	32	1	16453800
2	6	19	0	10025200
2	6	856	0	15388500
2	6	547	0	9793600
2	6	54	0	15157000
2	6	241	15	16725200
2	6	845	44	8667200
2	6	16	218	26291200
2	6	137	0	14177000
2	6	12	1001061	55233980400
2	6	37	0	6186200
2	6	152	13	5715300
2	6	74	0	5630400
2	6	7449	3	5218600
2	6	153	0	7078200
2	6	68	0	7219000
2	6	167	0	6976000
2	6	3717	0	6109700
2	6	9315	982	31434900
2	6	101	0	5426400
2	6	27	0	5725500
2	6	305	0	6365300
2	6	4701	18	4372900
2	6	506	1746	30483300
2	6	300	34	3478900
2	6	20	1213787	88402239800
2	6	2324	0	16407600
2	6	220	158	15701900
2	6	4921	0	9504600
2	6	3943	11	5775100
2	6	8651	0	4827100
2	6	13	1031830	64888574200
2	6	2923	1276	22048400
2	6	13	1031830	51438082900
2	6	2607	0	6151500
2	6	25	0	9487500
2	6	18	6532	93886000
2	6	128	0	5493100
2	6	17	6948	98958600
2	6	7094	52	4997000
2	6	4721	0	5042700
2	6	2205	205	10698900
2	6	63	0	7026700
2	6	514	193	10687000
2	6	2771	1	2637800
2	6	3960	0	4906100
2	6	125	0	8017300
2	6	192	0	8549500
2	6	16	218	13875700
2	6	165	0	6568200
2	6	2897	0	7941700
2	6	113	0	7901900
2	6	6736	0	5678700
2	6	13	1031830	51558941400
2	6	284	0	6209400
2	6	185	0	6796400
2	6	3576	0	6091400
2	6	22	3791	61875400
2	6	63	0	8465600
2	6	385	102	9732500
2	6	66	6049	122823600
2	6	438	0	5168900
2	6	23	2627	44088700
2	6	20	1213787	74543943900
2	6	365	376	10978200
2	6	816	14	5351700
2	6	199	0	7678700
2	6	933	6	5737800
2	6	168	0	4948300
2	6	64	2890	48862700
2	6	26	0	4727200
2	6	1696	133	8568700
2	6	8628	0	4192000
2	6	37	0	5793700
2	6	90	0	8469000
2	6	4709	0	9008100
2	6	2145	301	145683600
2	6	516	0	4961800
2	6	204	38	7005200
2	6	278	236	9157500
2	6	55	0	7688600
2	6	165	0	6898000
2	6	16	218	10544800
2	6	8836	0	4420700
2	6	114	0	6748300
2	6	339	13	6140800
2	6	7023	0	4455000
2	6	242	644	16357900
2	6	4953	0	5463300
2	6	1303	0	5245600
2	6	42	0	5948600
2	6	738	18	3927000
2	6	625	87	4382100
2	6	4891	0	4692400
2	6	10222	61	6125600
2	6	118	0	3954900
2	6	158	0	8313600
2	6	5550	376	10788300
2	6	2254	0	6226400
2	6	4218	533	13012400
2	6	960	174	7206900
2	6	1000	318	7180700
2	6	13	1031830	45474959200
2	6	866	1593	26224200
2	6	13	1031830	49534309600
2	6	619	0	8437900
2	6	4416	0	7168900
2	6	2904	0	5868500
2	6	88	0	6063500
2	6	59	1238	23493700
2	6	38	38	3487200
2	6	15	14342	360611700
2	6	574	56	4833600
2	6	154	0	6220000
2	6	15	14342	215366600
2	6	254	55	3911000
2	6	1480	0	5113400
2	6	19	0	6405100
2	6	4545	1	3983700
2	6	1842	0	5018100
2	6	1207	0	5832000
2	6	8154	0	6760000
2	6	891	0	5777400
2	6	44	0	6104000
2	6	13	1031830	54586509500
2	6	200	48	4638800
2	6	7289	0	5152700
2	6	5833	0	6599700
2	6	2643	0	9070700
2	6	58	2475	52427800
2	6	241	15	3288100
2	6	17	6948	99772800
2	6	31	2493	41717200
2	6	28	0	5131600
2	6	116	0	6762400
2	6	5011	0	6049400
2	6	12	1001061	52750449600
2	6	178	0	6169100
2	6	1582	6	11048300
2	6	4086	30	3435300
2	6	1011	0	8192800
2	6	1260	0	6392800
2	6	5523	1192	27572000
2	6	2621	0	4997000
2	6	75	0	5622900
2	6	507	116	6563000
2	6	6635	8	2672100
2	6	143	0	4520000
2	6	799	17	4452800
2	6	51	0	4630000
2	6	3314	0	6328400
2	6	87	7497	111332500
2	6	2128	0	5891800
2	6	9880	0	6191400
2	6	208	73	5322700
2	6	122	0	5095800
2	6	1036	12	4642300
2	6	912	17	2499400
2	6	5278	551	585320300
2	6	23	2627	37534500
2	6	157	0	5040600
2	6	12	1001061	45082415400
2	6	66	6049	696386500
2	6	1568	354	8577500
2	6	4726	616	11004400
2	6	27	0	4449900
2	6	7296	0	8061800
2	6	1224	0	8573500
2	6	4681	62	9069300
2	6	240	1258	26011700
2	6	3967	0	4335100
2	6	1758	0	5639200
2	6	139	0	5733800
2	6	7314	1	4355600
2	6	843	0	4793100
2	6	7937	0	5613700
2	6	683	245	9364500
2	6	679	21	2962900
2	6	84	0	4483500
2	6	3156	0	8303800
2	6	21	9027	120282400
2	6	1967	0	4829900
2	6	1067	0	6762900
2	6	3242	1	4476900
2	6	1749	0	4351500
2	6	3981	1249	24779200
2	6	805	19	2894200
2	6	83	0	4740100
2	6	27	0	5637700
2	6	102	8	4374700
2	6	1756	0	4182900
2	6	2789	0	5982000
2	6	7256	285	8966900
2	6	290	0	4733100
2	6	96	1	4355600
2	6	5607	9	2913200
2	6	30	0	4419300
2	6	8454	0	6378800
2	6	24	41	4870000
2	6	3331	45	3855500
2	6	358	36	3457500
2	6	1193	0	4007200
2	6	9711	0	5916300
2	6	8184	0	5612300
2	6	9778	0	6531800
2	6	48	0	5379600
2	6	360	0	10046200
2	6	863	17	4837300
2	6	9361	125	4696700
2	6	12	1001061	64088344900
2	6	12	1001061	39092500400
2	6	2265	0	7446600
2	6	79	0	5170100
2	6	6818	0	8068400
2	6	1168	637	20166100
2	6	5053	2	3103700
2	6	280	2	3926100
2	6	2523	0	4344400
2	6	2027	0	10364200
2	6	3627	13	7419300
2	6	24	41	9339100
2	6	63	0	16869500
3	6	2349	0	13024200
3	6	12	1001061	62750276000
3	6	18	6532	97103901
3	6	65	0	8248799
3	6	45	0	6175100
3	6	12	1001061	55457002101
3	6	12	1001061	48562940200
3	6	4718	0	8853299
3	6	733	0	9439800
3	6	616	51	7748801
3	6	1502	46	753148299
3	6	1148	6819	121798000
3	6	83	0	5601301
3	6	10425	72	4679600
3	6	3332	0	4133100
3	6	29	0	6818999
3	6	121	0	9220401
3	6	31	2493	56078000
3	6	28	0	8326100
3	6	288	3202	249504900
3	6	293	3574	55188000
3	6	12	1001061	48101681200
3	6	106	1	4347300
3	6	5319	0	5512300
3	6	4438	0	9124100
3	6	1597	0	9050200
3	6	1072	0	9281100
3	6	5420	0	8604500
3	6	32	1	4310400
3	6	19	0	4474300
3	6	856	0	8721600
3	6	547	0	14170500
3	6	54	0	9831500
3	6	241	15	6869600
3	6	845	44	7836400
3	6	16	218	7745600
3	6	137	0	250227100
3	6	12	1001061	52111415000
3	6	37	0	6139800
3	6	152	13	6031800
3	6	74	0	5485500
3	6	7449	3	7721300
3	6	153	0	5501700
3	6	68	0	7732800
3	6	167	0	6738100
3	6	3717	0	5928300
3	6	9315	982	19918500
3	6	101	0	6312400
3	6	27	0	5953000
3	6	305	0	6184800
3	6	4701	18	4416800
3	6	506	1746	28894800
3	6	300	34	5211100
3	6	20	1213787	84275914800
3	6	2324	0	5599300
3	6	220	158	11048100
3	6	4921	0	6869100
3	6	3943	11	5980600
3	6	8651	0	4242600
3	6	13	1031830	54926724000
3	6	2923	1276	21070000
3	6	13	1031830	50066820800
3	6	2607	0	5959800
3	6	25	0	10069500
3	6	18	6532	321457000
3	6	128	0	5735600
3	6	17	6948	96398300
3	6	7094	52	4346400
3	6	4721	0	5745200
3	6	2205	205	9685000
3	6	63	0	44689900
3	6	514	193	9594600
3	6	2771	1	2426100
3	6	3960	0	4567100
3	6	125	0	9626900
3	6	192	0	6365500
3	6	16	218	11383300
3	6	165	0	7360500
3	6	2897	0	7969300
3	6	113	0	8249600
3	6	6736	0	9260300
3	6	13	1031830	49188587100
3	6	284	0	5623000
3	6	185	0	17550700
3	6	3576	0	6816900
3	6	22	3791	83815800
3	6	63	0	5146100
3	6	385	102	6622100
3	6	66	6049	96570800
3	6	438	0	222342400
3	6	23	2627	44405800
3	6	20	1213787	79021797600
3	6	365	376	18354900
3	6	816	14	7968800
3	6	199	0	8054300
3	6	933	6	7159100
3	6	168	0	4764200
3	6	64	2890	51769200
3	6	26	0	5696300
3	6	1696	133	7663900
3	6	8628	0	4359400
3	6	37	0	9096200
3	6	90	0	8922500
3	6	4709	0	9293800
3	6	2145	301	15918100
3	6	516	0	4763500
3	6	204	38	5963000
3	6	278	236	5880400
3	6	55	0	4369500
3	6	165	0	133852800
3	6	16	218	8627000
3	6	8836	0	5598500
3	6	114	0	5520700
3	6	339	13	4274700
3	6	7023	0	4527600
3	6	242	644	17287400
3	6	4953	0	5414600
3	6	1303	0	6803200
3	6	42	0	8440000
3	6	738	18	4430700
3	6	625	87	4672000
3	6	4891	0	4665100
3	6	10222	61	8625900
3	6	118	0	7886400
3	6	158	0	6972200
3	6	5550	376	14171100
3	6	2254	0	7114100
3	6	4218	533	17107100
3	6	960	174	9433600
3	6	1000	318	10873100
3	6	13	1031830	58245380400
3	6	866	1593	26452700
3	6	13	1031830	51597204200
3	6	619	0	8558500
3	6	4416	0	8676800
3	6	2904	0	9440100
3	6	88	0	9318900
3	6	59	1238	31107300
3	6	38	38	3879800
3	6	15	14342	199577800
3	6	574	56	4351800
3	6	154	0	5104200
3	6	15	14342	191488700
3	6	254	55	6036100
3	6	1480	0	7578600
3	6	19	0	6006500
3	6	4545	1	6012800
3	6	1842	0	7028500
3	6	1207	0	9965500
3	6	8154	0	6063300
3	6	891	0	6995600
3	6	44	0	5181100
3	6	13	1031830	59589330600
3	6	200	48	404225700
3	6	7289	0	5224500
3	6	5833	0	8041500
3	6	2643	0	5181800
3	6	58	2475	39842600
3	6	241	15	3719700
3	6	17	6948	92307500
3	6	31	2493	569148300
3	6	28	0	5880000
3	6	116	0	10026800
3	6	5011	0	5457600
3	6	12	1001061	53698955800
3	6	178	0	14598700
3	6	1582	6	9621400
3	6	4086	30	4955200
3	6	1011	0	7471800
3	6	1260	0	9301600
3	6	5523	1192	26772200
3	6	2621	0	7738100
3	6	75	0	6224300
3	6	507	116	6474600
3	6	6635	8	3647600
3	6	143	0	7676800
3	6	799	17	4547800
3	6	51	0	4188500
3	6	3314	0	16740200
3	6	87	7497	114485100
3	6	2128	0	4890700
3	6	9880	0	5108300
3	6	208	73	6018500
3	6	122	0	4819500
3	6	1036	12	3413200
3	6	912	17	2855600
3	6	5278	551	11613100
3	6	23	2627	73575900
3	6	157	0	5412000
3	6	12	1001061	41592386400
3	6	66	6049	90750700
3	6	1568	354	9626300
3	6	4726	616	12384300
3	6	27	0	6052700
3	6	7296	0	9292300
3	6	1224	0	8100900
3	6	4681	62	5667100
3	6	240	1258	34059700
3	6	3967	0	4761200
3	6	1758	0	7104100
3	6	139	0	7800700
3	6	7314	1	4251900
3	6	843	0	5113700
3	6	7937	0	5340500
3	6	683	245	9380300
3	6	679	21	3195300
3	6	84	0	4993500
3	6	3156	0	6703800
3	6	21	9027	125287100
3	6	1967	0	5337800
3	6	1067	0	7115700
3	6	3242	1	4197200
3	6	1749	0	4476900
3	6	3981	1249	24455000
3	6	805	19	3530200
3	6	83	0	4240400
3	6	27	0	6004800
3	6	102	8	4224800
3	6	1756	0	4253900
3	6	2789	0	5000200
3	6	7256	285	9693500
3	6	290	0	4886600
3	6	96	1	3194500
3	6	5607	9	2338700
3	6	30	0	4271300
3	6	8454	0	5576900
3	6	24	41	6603300
3	6	3331	45	3757900
3	6	358	36	3149400
3	6	1193	0	4251300
3	6	9711	0	9279700
3	6	8184	0	6244600
3	6	9778	0	7999000
3	6	48	0	8992400
3	6	360	0	8547900
3	6	863	17	6282100
3	6	9361	125	8385600
3	6	12	1001061	58488182700
3	6	12	1001061	34818759200
3	6	2265	0	7986900
3	6	79	0	8917100
3	6	6818	0	9000100
3	6	1168	637	20597300
3	6	5053	2	4951600
3	6	280	2	4977200
3	6	2523	0	9506700
3	6	2027	0	11216500
3	6	3627	13	7009700
3	6	24	41	6555900
3	6	63	0	8247100
4	6	2349	0	10018600
4	6	12	1001061	65099162400
4	6	18	6532	91021400
4	6	65	0	5782799
4	6	45	0	10408900
4	6	12	1001061	57258743900
4	6	12	1001061	49039140599
4	6	4718	0	6007000
4	6	733	0	9233600
4	6	616	51	12715100
4	6	1502	46	3990601
4	6	1148	6819	120751900
4	6	83	0	8482100
4	6	10425	72	14520400
4	6	3332	0	8509499
4	6	29	0	10541100
4	6	121	0	11577100
4	6	31	2493	60746299
4	6	28	0	5193300
4	6	288	3202	54844800
4	6	293	3574	62422300
4	6	12	1001061	44437649700
4	6	106	1	6981400
4	6	5319	0	8800700
4	6	4438	0	13451700
4	6	1597	0	8793800
4	6	1072	0	11268200
4	6	5420	0	12944300
4	6	32	1	7577200
4	6	19	0	5482200
4	6	856	0	6538700
4	6	547	0	7130600
4	6	54	0	10327600
4	6	241	15	4615100
4	6	845	44	6002800
4	6	16	218	11853200
4	6	137	0	5079500
4	6	12	1001061	57254885000
4	6	37	0	7011800
4	6	152	13	5504300
4	6	74	0	4947900
4	6	7449	3	4010000
4	6	153	0	5097500
4	6	68	0	7500700
4	6	167	0	5529100
4	6	3717	0	6465200
4	6	9315	982	21737400
4	6	101	0	4662400
4	6	27	0	6920400
4	6	305	0	5790900
4	6	4701	18	5546400
4	6	506	1746	30272100
4	6	300	34	3706300
4	6	20	1213787	78787877200
4	6	2324	0	8341200
4	6	220	158	8570100
4	6	4921	0	4756300
4	6	3943	11	4213500
4	6	8651	0	4739500
4	6	13	1031830	52215803200
4	6	2923	1276	24640200
4	6	13	1031830	52442670000
4	6	2607	0	9179200
4	6	25	0	9508100
4	6	18	6532	558001700
4	6	128	0	8889600
4	6	17	6948	114365500
4	6	7094	52	4311100
4	6	4721	0	5068500
4	6	2205	205	18225500
4	6	63	0	4176200
4	6	514	193	8009400
4	6	2771	1	2723800
4	6	3960	0	4090400
4	6	125	0	7775300
4	6	192	0	9143000
4	6	16	218	11074700
4	6	165	0	7140400
4	6	2897	0	9174500
4	6	113	0	6363900
4	6	6736	0	8458900
4	6	13	1031830	48888962800
4	6	284	0	6014700
4	6	185	0	8580800
4	6	3576	0	934154300
4	6	22	3791	56577300
4	6	63	0	4801600
4	6	385	102	5604000
4	6	66	6049	82757300
4	6	438	0	4608500
4	6	23	2627	44647700
4	6	20	1213787	64545547700
4	6	365	376	645352300
4	6	816	14	11229800
4	6	199	0	4671900
4	6	933	6	236482900
4	6	168	0	5670100
4	6	64	2890	103507000
4	6	26	0	4539500
4	6	1696	133	8657800
4	6	8628	0	4589100
4	6	37	0	6923200
4	6	90	0	6247000
4	6	4709	0	18798200
4	6	2145	301	18290000
4	6	516	0	575912900
4	6	204	38	19320300
4	6	278	236	10437000
4	6	55	0	7775300
4	6	165	0	8407100
4	6	16	218	11022100
4	6	8836	0	7570900
4	6	114	0	267352900
4	6	339	13	4364600
4	6	7023	0	4905100
4	6	242	644	18001700
4	6	4953	0	5271800
4	6	1303	0	10610000
4	6	42	0	6858700
4	6	738	18	6509100
4	6	625	87	4589400
4	6	4891	0	4536100
4	6	10222	61	7379300
4	6	118	0	4367300
4	6	158	0	5860100
4	6	5550	376	10691700
4	6	2254	0	4342700
4	6	4218	533	21682700
4	6	960	174	6141500
4	6	1000	318	7965000
4	6	13	1031830	61347632700
4	6	866	1593	25089300
4	6	13	1031830	53655311500
4	6	619	0	4213900
4	6	4416	0	6926900
4	6	2904	0	8609700
4	6	88	0	7310100
4	6	59	1238	174485200
4	6	38	38	6317300
4	6	15	14342	291097200
4	6	574	56	7263000
4	6	154	0	8106200
4	6	15	14342	229990700
4	6	254	55	182762000
4	6	1480	0	8557600
4	6	19	0	6348000
4	6	4545	1	3276400
4	6	1842	0	4100300
4	6	1207	0	5095400
4	6	8154	0	5632400
4	6	891	0	5911900
4	6	44	0	5869100
4	6	13	1031830	51811257800
4	6	200	48	4383900
4	6	7289	0	4696800
4	6	5833	0	8778200
4	6	2643	0	9452200
4	6	58	2475	776084200
4	6	241	15	5223700
4	6	17	6948	119075600
4	6	31	2493	38527800
4	6	28	0	6151500
4	6	116	0	6099400
4	6	5011	0	6375600
4	6	12	1001061	53129887500
4	6	178	0	5911300
4	6	1582	6	5428000
4	6	4086	30	3712100
4	6	1011	0	5229200
4	6	1260	0	7010100
4	6	5523	1192	23067100
4	6	2621	0	4995800
4	6	75	0	6068800
4	6	507	116	6621400
4	6	6635	8	3150400
4	6	143	0	4804700
4	6	799	17	4328900
4	6	51	0	4174900
4	6	3314	0	5970500
4	6	87	7497	107392200
4	6	2128	0	5575000
4	6	9880	0	6035200
4	6	208	73	6176800
4	6	122	0	4949300
4	6	1036	12	3984400
4	6	912	17	2775100
4	6	5278	551	13793200
4	6	23	2627	167622600
4	6	157	0	6579200
4	6	12	1001061	53230237200
4	6	66	6049	81672800
4	6	1568	354	9009100
4	6	4726	616	13828200
4	6	27	0	5204600
4	6	7296	0	9177800
4	6	1224	0	9115000
4	6	4681	62	6357100
4	6	240	1258	24690000
4	6	3967	0	5151700
4	6	1758	0	8567700
4	6	139	0	8518500
4	6	7314	1	4554500
4	6	843	0	4462400
4	6	7937	0	8641600
4	6	683	245	10751000
4	6	679	21	3462200
4	6	84	0	4400100
4	6	3156	0	9261500
4	6	21	9027	186602900
4	6	1967	0	5496000
4	6	1067	0	6634500
4	6	3242	1	3667800
4	6	1749	0	4299900
4	6	3981	1249	159598000
4	6	805	19	5077700
4	6	83	0	5195700
4	6	27	0	7870700
4	6	102	8	6572300
4	6	1756	0	5515400
4	6	2789	0	6510200
4	6	7256	285	14564900
4	6	290	0	4391300
4	6	96	1	4629000
4	6	5607	9	2921800
4	6	30	0	4473500
4	6	8454	0	7009700
4	6	24	41	5684000
4	6	3331	45	3431400
4	6	358	36	3131800
4	6	1193	0	4064500
4	6	9711	0	8719200
4	6	8184	0	7674300
4	6	9778	0	8414300
4	6	48	0	8409300
4	6	360	0	6711900
4	6	863	17	6601500
4	6	9361	125	7537300
4	6	12	1001061	56004162000
4	6	12	1001061	40557914800
4	6	2265	0	8784400
4	6	79	0	6892000
4	6	6818	0	8590800
4	6	1168	637	16347100
4	6	5053	2	3255700
4	6	280	2	2964600
4	6	2523	0	5954400
4	6	2027	0	9745100
4	6	3627	13	20666400
4	6	24	41	8458600
4	6	63	0	16168000
5	6	2349	0	11542900
5	6	12	1001061	63891418300
5	6	18	6532	86961799
5	6	65	0	5119000
5	6	45	0	6354800
5	6	12	1001061	48469770500
5	6	12	1001061	47932446400
5	6	4718	0	11336300
5	6	733	0	17336400
5	6	616	51	8170100
5	6	1502	46	15027200
5	6	1148	6819	104677000
5	6	83	0	5434801
5	6	10425	72	5434700
5	6	3332	0	5068900
5	6	29	0	6024800
5	6	121	0	5694201
5	6	31	2493	37955399
5	6	28	0	6335900
5	6	288	3202	1299965100
5	6	293	3574	54047600
5	6	12	1001061	43430677500
5	6	106	1	3138300
5	6	5319	0	4517400
5	6	4438	0	43534700
5	6	1597	0	5689600
5	6	1072	0	4980100
5	6	5420	0	5217300
5	6	32	1	3223700
5	6	19	0	4090800
5	6	856	0	6226100
5	6	547	0	4916800
5	6	54	0	4749200
5	6	241	15	3143700
5	6	845	44	2625800
5	6	16	218	5923400
5	6	137	0	4185300
5	6	12	1001061	46144330900
5	6	37	0	6605300
5	6	152	13	43845600
5	6	74	0	4648100
5	6	7449	3	4253500
5	6	153	0	4438500
5	6	68	0	5959900
5	6	167	0	8593000
5	6	3717	0	9147400
5	6	9315	982	25988400
5	6	101	0	7566400
5	6	27	0	10133400
5	6	305	0	8800300
5	6	4701	18	4282400
5	6	506	1746	27490100
5	6	300	34	3581000
5	6	20	1213787	60347011500
5	6	2324	0	7868400
5	6	220	158	100500700
5	6	4921	0	15071300
5	6	3943	11	11159500
5	6	8651	0	13427100
5	6	13	1031830	77378079700
5	6	2923	1276	21840500
5	6	13	1031830	50144526800
5	6	2607	0	7329100
5	6	25	0	54566300
5	6	18	6532	97608800
5	6	128	0	4875400
5	6	17	6948	96138200
5	6	7094	52	6863900
5	6	4721	0	7994300
5	6	2205	205	9400400
5	6	63	0	4932600
5	6	514	193	10703800
5	6	2771	1	2272600
5	6	3960	0	4675400
5	6	125	0	6775400
5	6	192	0	6825800
5	6	16	218	9065800
5	6	165	0	4859300
5	6	2897	0	6572400
5	6	113	0	5800100
5	6	6736	0	5525000
5	6	13	1031830	49307143200
5	6	284	0	8509400
5	6	185	0	44633800
5	6	3576	0	7851100
5	6	22	3791	91121500
5	6	63	0	5869200
5	6	385	102	12711500
5	6	66	6049	82122400
5	6	438	0	5114700
5	6	23	2627	46807700
5	6	20	1213787	52675888600
5	6	365	376	11685100
5	6	816	14	2902500
5	6	199	0	5474700
5	6	933	6	52372600
5	6	168	0	15266600
5	6	64	2890	78766200
5	6	26	0	10488200
5	6	1696	133	9167500
5	6	8628	0	4131900
5	6	37	0	7778300
5	6	90	0	8501100
5	6	4709	0	8027700
5	6	2145	301	9239400
5	6	516	0	4692000
5	6	204	38	5848300
5	6	278	236	7305800
5	6	55	0	5630100
5	6	165	0	5800700
5	6	16	218	9410700
5	6	8836	0	4686900
5	6	114	0	6013900
5	6	339	13	6265200
5	6	7023	0	4560000
5	6	242	644	17048100
5	6	4953	0	4892100
5	6	1303	0	13197100
5	6	42	0	6396200
5	6	738	18	4827000
5	6	625	87	4701400
5	6	4891	0	4204300
5	6	10222	61	7259900
5	6	118	0	4566100
5	6	158	0	6072200
5	6	5550	376	14170300
5	6	2254	0	4875800
5	6	4218	533	13331700
5	6	960	174	6375300
5	6	1000	318	9871100
5	6	13	1031830	58598623700
5	6	866	1593	26832900
5	6	13	1031830	50679707000
5	6	619	0	5489600
5	6	4416	0	53574000
5	6	2904	0	10791200
5	6	88	0	11530400
5	6	59	1238	32284200
5	6	38	38	3542900
5	6	15	14342	184853500
5	6	574	56	4995800
5	6	154	0	6451500
5	6	15	14342	274576800
5	6	254	55	4107000
5	6	1480	0	5135600
5	6	19	0	8855900
5	6	4545	1	4458500
5	6	1842	0	4782600
5	6	1207	0	8797800
5	6	8154	0	9327500
5	6	891	0	15479600
5	6	44	0	6644100
5	6	13	1031830	53692565700
5	6	200	48	6771500
5	6	7289	0	4952100
5	6	5833	0	10184000
5	6	2643	0	9674800
5	6	58	2475	37712600
5	6	241	15	3707100
5	6	17	6948	96609700
5	6	31	2493	37403600
5	6	28	0	5285600
5	6	116	0	8100700
5	6	5011	0	17006300
5	6	12	1001061	53380673300
5	6	178	0	7928200
5	6	1582	6	7183900
5	6	4086	30	3024400
5	6	1011	0	4976100
5	6	1260	0	5903500
5	6	5523	1192	29210700
5	6	2621	0	7357700
5	6	75	0	6369800
5	6	507	116	6220000
5	6	6635	8	3990400
5	6	143	0	4234600
5	6	799	17	6241400
5	6	51	0	4783600
5	6	3314	0	5834000
5	6	87	7497	180316400
5	6	2128	0	8645800
5	6	9880	0	6241000
5	6	208	73	6497400
5	6	122	0	4088200
5	6	1036	12	6232800
5	6	912	17	2993900
5	6	5278	551	12361400
5	6	23	2627	37454900
5	6	157	0	4615800
5	6	12	1001061	53022005600
5	6	66	6049	91704000
5	6	1568	354	9535000
5	6	4726	616	13277700
5	6	27	0	4602500
5	6	7296	0	6474700
5	6	1224	0	8749900
5	6	4681	62	7229700
5	6	240	1258	21974500
5	6	3967	0	4817200
5	6	1758	0	5675700
5	6	139	0	5569300
5	6	7314	1	3838500
5	6	843	0	4052300
5	6	7937	0	5743600
5	6	683	245	9917700
5	6	679	21	3104500
5	6	84	0	4403200
5	6	3156	0	5966300
5	6	21	9027	138109500
5	6	1967	0	5393200
5	6	1067	0	5732200
5	6	3242	1	4360800
5	6	1749	0	4612100
5	6	3981	1249	25407200
5	6	805	19	3612400
5	6	83	0	5378200
5	6	27	0	5772100
5	6	102	8	4250500
5	6	1756	0	4349800
5	6	2789	0	7487100
5	6	7256	285	9898000
5	6	290	0	4599400
5	6	96	1	4588400
5	6	5607	9	2806100
5	6	30	0	4740400
5	6	8454	0	5853500
5	6	24	41	4845300
5	6	3331	45	4349100
5	6	358	36	2843600
5	6	1193	0	4364200
5	6	9711	0	6130900
5	6	8184	0	7229100
5	6	9778	0	5955700
5	6	48	0	5996500
5	6	360	0	6797600
5	6	863	17	4791100
5	6	9361	125	4591200
5	6	12	1001061	48079499400
5	6	12	1001061	51661752300
5	6	2265	0	6008800
5	6	79	0	204086900
5	6	6818	0	8808100
5	6	1168	637	20040200
5	6	5053	2	3273300
5	6	280	2	2607500
5	6	2523	0	4355200
5	6	2027	0	8345900
5	6	3627	13	6093900
5	6	24	41	3661900
5	6	63	0	4007100
